-- --------------------------------------------------------
-- Host:                         127.0.0.1
-- Server version:               10.4.11-MariaDB - mariadb.org binary distribution
-- Server OS:                    Win64
-- HeidiSQL Version:             11.0.0.5919
-- --------------------------------------------------------

/*!40101 SET @OLD_CHARACTER_SET_CLIENT=@@CHARACTER_SET_CLIENT */;
/*!40101 SET NAMES utf8 */;
/*!50503 SET NAMES utf8mb4 */;
/*!40014 SET @OLD_FOREIGN_KEY_CHECKS=@@FOREIGN_KEY_CHECKS, FOREIGN_KEY_CHECKS=0 */;
/*!40101 SET @OLD_SQL_MODE=@@SQL_MODE, SQL_MODE='NO_AUTO_VALUE_ON_ZERO' */;


-- Dumping database structure for fengmao01
DROP DATABASE IF EXISTS `fengmao01`;
CREATE DATABASE IF NOT EXISTS `fengmao01` /*!40100 DEFAULT CHARACTER SET utf8mb4 */;
USE `fengmao01`;

-- Dumping structure for table fengmao01.ims_discuss_price
DROP TABLE IF EXISTS `ims_discuss_price`;
CREATE TABLE IF NOT EXISTS `ims_discuss_price` (
  `id` bigint(10) NOT NULL AUTO_INCREMENT,
  `group_id` varchar(32) DEFAULT NULL COMMENT '群组id',
  `seller_id` bigint(10) NOT NULL COMMENT '买家id',
  `buyer_id` bigint(10) NOT NULL COMMENT '卖家id',
  `product_id` bigint(10) NOT NULL COMMENT '商品id',
  `status` int(1) DEFAULT NULL COMMENT '状态',
  `buyer_price` decimal(10,0) DEFAULT NULL COMMENT '买家提出的价格',
  `seller_price` decimal(10,0) DEFAULT NULL COMMENT '卖家提出的价格',
  `buyer_status` int(1) DEFAULT NULL COMMENT '买家状态 0-拒绝 1-接受',
  `seller_status` int(1) DEFAULT NULL COMMENT '卖家状态 0-拒绝 1-接受',
  `create_time` datetime DEFAULT NULL COMMENT '创建时间',
  `update_time` datetime DEFAULT NULL COMMENT '修改时间',
  PRIMARY KEY (`id`) USING BTREE
) ENGINE=InnoDB DEFAULT CHARSET=utf8 ROW_FORMAT=COMPACT;

-- Dumping data for table fengmao01.ims_discuss_price: ~0 rows (approximately)
/*!40000 ALTER TABLE `ims_discuss_price` DISABLE KEYS */;
/*!40000 ALTER TABLE `ims_discuss_price` ENABLE KEYS */;

-- Dumping structure for table fengmao01.oms_communicate_price
DROP TABLE IF EXISTS `oms_communicate_price`;
CREATE TABLE IF NOT EXISTS `oms_communicate_price` (
  `id` int(10) NOT NULL AUTO_INCREMENT,
  `product_id` bigint(10) DEFAULT NULL COMMENT '商品id',
  `user_id` bigint(10) DEFAULT NULL COMMENT '用户id',
  `decide_price` decimal(10,0) DEFAULT NULL COMMENT '决定价格',
  `create_time` datetime DEFAULT NULL COMMENT '创建时间',
  `update_time` datetime DEFAULT NULL COMMENT '修改时间',
  PRIMARY KEY (`id`) USING BTREE
) ENGINE=InnoDB AUTO_INCREMENT=2 DEFAULT CHARSET=utf8 ROW_FORMAT=COMPACT;

-- Dumping data for table fengmao01.oms_communicate_price: ~0 rows (approximately)
/*!40000 ALTER TABLE `oms_communicate_price` DISABLE KEYS */;
REPLACE INTO `oms_communicate_price` (`id`, `product_id`, `user_id`, `decide_price`, `create_time`, `update_time`) VALUES
	(1, 1, 6, 55, '2020-04-10 19:16:33', '2020-04-10 19:16:33');
/*!40000 ALTER TABLE `oms_communicate_price` ENABLE KEYS */;

-- Dumping structure for table fengmao01.oms_order
DROP TABLE IF EXISTS `oms_order`;
CREATE TABLE IF NOT EXISTS `oms_order` (
  `id` bigint(10) NOT NULL AUTO_INCREMENT,
  `order_no` varchar(32) DEFAULT NULL COMMENT '订单编号',
  `user_id` bigint(10) DEFAULT NULL COMMENT '用户id',
  `coupon_id` int(5) DEFAULT NULL COMMENT '优惠券id',
  `coupon_amount` decimal(20,2) DEFAULT NULL COMMENT '优惠金额',
  `freight_amount` decimal(20,0) DEFAULT NULL COMMENT '运费金额',
  `original_price` decimal(10,2) DEFAULT NULL COMMENT '商品原价',
  `pay_amount` decimal(20,0) DEFAULT NULL COMMENT '支付金额',
  `pay_type` int(1) DEFAULT NULL COMMENT '支付方式： 0-未支付 1-支付宝 2-微信',
  `source_type` int(1) DEFAULT NULL COMMENT '渠道 1-ios 2-android',
  `status` int(1) DEFAULT NULL COMMENT '订单状态：0-待付款 1-待发货 2-已发货 3-已完成 4-已关闭 5-无效订单',
  `delivery_company` varchar(16) DEFAULT NULL COMMENT '物流',
  `delivery_sn` varchar(64) DEFAULT NULL COMMENT '物流单号',
  `auto_confirm_day` int(5) DEFAULT NULL COMMENT '自动确认时间（天）',
  `receiver_name` varchar(64) DEFAULT NULL COMMENT '收货人姓名',
  `receiver_tel` varchar(11) CHARACTER SET utf8 COLLATE utf8_bin DEFAULT NULL COMMENT '收货人电话',
  `receiver_post_code` varchar(10) DEFAULT NULL COMMENT '收货人邮编',
  `detail_address` varchar(128) DEFAULT NULL COMMENT '详细地址',
  `note` varchar(128) DEFAULT NULL COMMENT '订单备注',
  `delete_status` int(1) DEFAULT NULL COMMENT '删除状态 0-否 1-是',
  `payment_time` datetime DEFAULT NULL COMMENT '支付时间',
  `receive_time` datetime DEFAULT NULL COMMENT '确认收货时间',
  `comment_time` datetime DEFAULT NULL COMMENT '评论时间',
  `cancel_reason` varchar(128) DEFAULT NULL COMMENT '订单取消原因',
  `create_time` datetime DEFAULT NULL COMMENT '创建时间',
  `update_time` datetime DEFAULT NULL COMMENT '修改时间',
  `trade_no` varchar(64) DEFAULT NULL COMMENT '支付宝/微信 交易订单',
  PRIMARY KEY (`id`) USING BTREE
) ENGINE=InnoDB AUTO_INCREMENT=2 DEFAULT CHARSET=utf8 ROW_FORMAT=COMPACT;

-- Dumping data for table fengmao01.oms_order: ~0 rows (approximately)
/*!40000 ALTER TABLE `oms_order` DISABLE KEYS */;
REPLACE INTO `oms_order` (`id`, `order_no`, `user_id`, `coupon_id`, `coupon_amount`, `freight_amount`, `original_price`, `pay_amount`, `pay_type`, `source_type`, `status`, `delivery_company`, `delivery_sn`, `auto_confirm_day`, `receiver_name`, `receiver_tel`, `receiver_post_code`, `detail_address`, `note`, `delete_status`, `payment_time`, `receive_time`, `comment_time`, `cancel_reason`, `create_time`, `update_time`, `trade_no`) VALUES
	(1, '20200413', 6, NULL, NULL, NULL, 888.00, 777, 1, 1, 0, NULL, NULL, NULL, '奥利给', '13888888888', '', '北京市朝阳区佳隆国际大厦', NULL, NULL, '2020-04-09 17:17:02', NULL, NULL, NULL, '2020-04-08 17:17:11', '2020-04-15 17:17:24', NULL);
/*!40000 ALTER TABLE `oms_order` ENABLE KEYS */;

-- Dumping structure for table fengmao01.oms_order_product
DROP TABLE IF EXISTS `oms_order_product`;
CREATE TABLE IF NOT EXISTS `oms_order_product` (
  `id` bigint(20) NOT NULL AUTO_INCREMENT,
  `order_id` bigint(10) NOT NULL COMMENT '订单id',
  `order_num` varbinary(32) DEFAULT NULL COMMENT '订单号',
  `product_id` bigint(10) DEFAULT NULL COMMENT '商品id',
  PRIMARY KEY (`id`) USING BTREE
) ENGINE=InnoDB AUTO_INCREMENT=2 DEFAULT CHARSET=utf8 ROW_FORMAT=COMPACT;

-- Dumping data for table fengmao01.oms_order_product: ~0 rows (approximately)
/*!40000 ALTER TABLE `oms_order_product` DISABLE KEYS */;
REPLACE INTO `oms_order_product` (`id`, `order_id`, `order_num`, `product_id`) VALUES
	(1, 1, _binary 0x3230323030343133, 1);
/*!40000 ALTER TABLE `oms_order_product` ENABLE KEYS */;

-- Dumping structure for table fengmao01.oms_sold_product
DROP TABLE IF EXISTS `oms_sold_product`;
CREATE TABLE IF NOT EXISTS `oms_sold_product` (
  `id` bigint(10) NOT NULL AUTO_INCREMENT,
  `buyer_id` bigint(10) DEFAULT NULL COMMENT '买家id',
  `seller_id` bigint(10) DEFAULT NULL COMMENT '卖家id',
  `product_id` bigint(10) DEFAULT NULL COMMENT '商品id',
  `order_id` bigint(10) DEFAULT NULL COMMENT '订单id',
  `order_no` varchar(64) DEFAULT NULL COMMENT '订单编号',
  `name` varchar(64) DEFAULT NULL COMMENT '商品名称',
  `intro` varchar(255) DEFAULT NULL COMMENT '商品介绍',
  `pic` varchar(255) DEFAULT NULL COMMENT '商品图片',
  `original_price` decimal(10,2) DEFAULT NULL COMMENT '原价',
  `deal_price` decimal(10,2) DEFAULT NULL COMMENT '成交价格',
  `deal_time` datetime DEFAULT NULL COMMENT '成交时间',
  `order_status` int(1) DEFAULT NULL COMMENT '订单状态：0-待付款 1-待发货 2-已发货 3-已完成 4-已关闭 5-无效订单',
  PRIMARY KEY (`id`) USING BTREE
) ENGINE=InnoDB AUTO_INCREMENT=5 DEFAULT CHARSET=utf8 ROW_FORMAT=COMPACT;

-- Dumping data for table fengmao01.oms_sold_product: ~4 rows (approximately)
/*!40000 ALTER TABLE `oms_sold_product` DISABLE KEYS */;
REPLACE INTO `oms_sold_product` (`id`, `buyer_id`, `seller_id`, `product_id`, `order_id`, `order_no`, `name`, `intro`, `pic`, `original_price`, `deal_price`, `deal_time`, `order_status`) VALUES
	(1, 6, 5, 1, 1, '1111111111', 'df', 'dfddf', 'dfsfsfs', 888.00, 666.01, '2020-11-11 00:00:00', 3),
	(2, 7, 5, 2, 2, '2222222', 'dfa', 'afadfaf', 'afdafa', 666.00, 5555.00, '2020-04-08 14:16:14', 3),
	(3, 8, 5, 3, 3, '554545', 'gsdf', 'faf', 'fadf', 555.00, 656.00, '2020-04-16 14:18:15', 2),
	(4, 9, 5, 4, 4, '4325', 'fga', 'dfadf', 'adsfa', 435.00, 2452.00, '2020-07-06 14:18:37', 1);
/*!40000 ALTER TABLE `oms_sold_product` ENABLE KEYS */;

-- Dumping structure for table fengmao01.pms_collection
DROP TABLE IF EXISTS `pms_collection`;
CREATE TABLE IF NOT EXISTS `pms_collection` (
  `id` int(11) NOT NULL AUTO_INCREMENT,
  `type` int(1) DEFAULT NULL COMMENT '类型 1-独家 2-其他 3-列表外展示',
  `url` varchar(255) DEFAULT NULL COMMENT '视频或图片url',
  `title` varchar(64) DEFAULT NULL COMMENT '标题',
  `author` varchar(32) DEFAULT NULL COMMENT '作者',
  `intro` varchar(255) DEFAULT NULL COMMENT '介绍',
  `on_use` int(1) DEFAULT NULL COMMENT '是否使用 0-否 1-是',
  `product_id` varchar(32) DEFAULT NULL COMMENT '商品id',
  `create_time` datetime DEFAULT NULL COMMENT '创建时间',
  `update_time` datetime DEFAULT NULL COMMENT '修改时间',
  PRIMARY KEY (`id`) USING BTREE
) ENGINE=InnoDB AUTO_INCREMENT=19 DEFAULT CHARSET=utf8 ROW_FORMAT=COMPACT;

-- Dumping data for table fengmao01.pms_collection: ~6 rows (approximately)
/*!40000 ALTER TABLE `pms_collection` DISABLE KEYS */;
REPLACE INTO `pms_collection` (`id`, `type`, `url`, `title`, `author`, `intro`, `on_use`, `product_id`, `create_time`, `update_time`) VALUES
	(9, 1, 'computer collection.jpg', 'Electronics Collection', 'DELL', 'Collection of electronics', 1, '35,36,37,38', '2020-04-20 01:54:37', '2020-04-20 01:54:37'),
	(10, 1, 'drink collection.jpg', 'Drink Collection', 'WFO', 'Collection of drinks', 1, '40,41,48', '2020-04-20 01:55:24', '2020-04-20 01:55:24'),
	(11, 2, 'musicalbum.jpg', 'Music Album', 'Michael Jackson', 'Music Album', 1, '47', '2020-04-20 01:55:56', '2020-04-20 01:55:56'),
	(12, 3, 'stamp collection.jpg', 'Stamp Collection', 'Stamp', 'Collection of stamps worldwide', 1, '44,45', '2020-04-20 01:56:42', '2020-04-20 01:56:42'),
	(14, 3, 'photoalbum.jpg', 'Photo Album', 'Photos', 'Stunning Photos', 1, '43,46', '2020-04-20 01:59:55', '2020-04-20 01:59:55'),
	(16, 1, 'star_trails.mp4', 'Video Album', 'Video', 'Video Album', 0, '36', '2020-04-20 15:50:41', '2020-04-20 15:50:41');
/*!40000 ALTER TABLE `pms_collection` ENABLE KEYS */;

-- Dumping structure for table fengmao01.pms_collection_relate_product
DROP TABLE IF EXISTS `pms_collection_relate_product`;
CREATE TABLE IF NOT EXISTS `pms_collection_relate_product` (
  `id` int(11) NOT NULL AUTO_INCREMENT,
  `collection_id` int(11) NOT NULL COMMENT '特辑id',
  `product_id` varchar(32) NOT NULL COMMENT '商品id列表',
  PRIMARY KEY (`id`) USING BTREE
) ENGINE=InnoDB AUTO_INCREMENT=2 DEFAULT CHARSET=utf8 ROW_FORMAT=COMPACT;

-- Dumping data for table fengmao01.pms_collection_relate_product: ~0 rows (approximately)
/*!40000 ALTER TABLE `pms_collection_relate_product` DISABLE KEYS */;
REPLACE INTO `pms_collection_relate_product` (`id`, `collection_id`, `product_id`) VALUES
	(1, 1, '1,2,3,4');
/*!40000 ALTER TABLE `pms_collection_relate_product` ENABLE KEYS */;

-- Dumping structure for table fengmao01.pms_product
DROP TABLE IF EXISTS `pms_product`;
CREATE TABLE IF NOT EXISTS `pms_product` (
  `id` bigint(10) NOT NULL AUTO_INCREMENT,
  `product_num` varchar(32) NOT NULL COMMENT '商品编号',
  `sell_user_id` bigint(10) NOT NULL COMMENT '卖家用户id',
  `status` int(1) NOT NULL DEFAULT 0 COMMENT '状态 0-未审核 1-已通过 2-未通过 3-已下架 4-已售出 6-已删除',
  `refuse_reason` varchar(64) DEFAULT NULL COMMENT '拒绝理由',
  `check_time` datetime DEFAULT NULL COMMENT '审核时间',
  `name` varchar(64) NOT NULL COMMENT '名称',
  `style` varchar(16) NOT NULL COMMENT '风格',
  `category` int(2) NOT NULL COMMENT '分类',
  `sub_category` int(2) DEFAULT NULL COMMENT '子分类',
  `use_condition` int(2) NOT NULL COMMENT '新旧程度 0-二手 1全新',
  `size` int(2) DEFAULT NULL COMMENT '尺码',
  `color` varchar(16) DEFAULT NULL COMMENT '颜色',
  `brand` varchar(16) NOT NULL COMMENT '品牌',
  `price` decimal(20,0) NOT NULL COMMENT '价格',
  `intro` varchar(255) NOT NULL COMMENT '商品介绍',
  `count` int(10) NOT NULL COMMENT '剩余数量',
  `discuss_price` int(1) DEFAULT NULL COMMENT '接受议价 0-不接受 1-接受',
  `pic` varchar(255) NOT NULL COMMENT '展示的商品图片',
  `all_pic` varchar(512) NOT NULL COMMENT '商品所有的图片',
  `publish_time` datetime DEFAULT NULL COMMENT '发布时间',
  `product_sex` int(1) DEFAULT 2 COMMENT '适用人群 0-女 1-男 2-通用',
  `flaw` int(1) DEFAULT 0 COMMENT '是否有瑕疵 0-否 1-有',
  `flaw_reason` varchar(64) DEFAULT NULL COMMENT '瑕疵原因',
  `deal_time` datetime DEFAULT NULL COMMENT '成交时间',
  `create_time` datetime DEFAULT NULL COMMENT '创建时间',
  `update_time` datetime DEFAULT NULL COMMENT '修改时间',
  PRIMARY KEY (`id`) USING BTREE
) ENGINE=InnoDB AUTO_INCREMENT=51 DEFAULT CHARSET=utf8 ROW_FORMAT=COMPACT;

-- Dumping data for table fengmao01.pms_product: ~14 rows (approximately)
/*!40000 ALTER TABLE `pms_product` DISABLE KEYS */;
REPLACE INTO `pms_product` (`id`, `product_num`, `sell_user_id`, `status`, `refuse_reason`, `check_time`, `name`, `style`, `category`, `sub_category`, `use_condition`, `size`, `color`, `brand`, `price`, `intro`, `count`, `discuss_price`, `pic`, `all_pic`, `publish_time`, `product_sex`, `flaw`, `flaw_reason`, `deal_time`, `create_time`, `update_time`) VALUES
	(35, '2020-04-19-22-00', 0, 1, NULL, NULL, 'ASUS Rog Laptop', '1501,1502,1503', 1102, 1203, 0, NULL, NULL, 'Coca Cola', 50, 'New Laptop', 50, 0, 'asus rog.jpg', 'asus rog.jpg', NULL, 2, 0, NULL, NULL, '2020-02-20 00:22:45', NULL),
	(36, '2020-04-19-22-02', 0, 4, NULL, NULL, 'Dell Optiplex', '1504,1505', 1102, 1206, 0, NULL, NULL, 'Pepsi', 100, '', 100, 0, 'dell optiplex.jpg', 'dell optiplex.jpg,douyin.jpg,qq music.jpg,apple.jpg,pear.jpg,fair play stamp.jpg', NULL, 2, 0, NULL, NULL, '2020-02-20 00:22:38', NULL),
	(37, '2020-04-19-22-05', 0, 4, NULL, NULL, '小米 Desktop', '1501,1504,1508', 1105, 1207, 0, NULL, NULL, 'Lenovo', 100, '', 100, 0, 'xiaomi desktop.jpg', 'xiaomi desktop.jpg,king geoge vi.jpg,,,,', NULL, 2, 0, NULL, NULL, '2020-04-20 00:22:42', NULL),
	(38, '2020-04-19-23-30', 0, 2, NULL, NULL, 'Microsoft Surface Laptop', '1501,1503,1507', 1102, 1218, 0, NULL, NULL, 'NIKE', 20, '', 20, 0, 'microsoft-surface.jpg', 'microsoft-surface.jpg', NULL, 2, 0, NULL, NULL, '2020-04-20 00:22:45', NULL),
	(40, '2020-04-19-23-32', 0, 3, NULL, NULL, 'Chinese Apple', '1501,1508', 1105, 1209, 0, NULL, NULL, 'Lenovo', 120, 'Very delicious apple', 100, 0, 'apple.jpg', 'apple.jpg,pear.jpg,,,,', NULL, 2, 0, NULL, NULL, '2020-04-20 00:22:41', NULL),
	(41, '2020-pear', 0, 0, NULL, NULL, 'Pear', '1501,1503', 1101, 1201, 0, NULL, NULL, '', 0, '', 0, 0, 'pear.jpg', 'pear.jpg', NULL, 2, 0, NULL, NULL, NULL, NULL),
	(42, '2020-抖音', 0, 0, NULL, NULL, '抖音', '1503,1507', 1101, 1201, 0, NULL, NULL, '', 0, '', 0, 0, 'douyin.jpg', 'douyin.jpg', NULL, 2, 0, NULL, NULL, NULL, NULL),
	(43, '2020-elephant', 0, 0, NULL, NULL, 'elephant', '1503', 1101, 1201, 0, NULL, NULL, '', 0, '', 0, 0, 'elephant.jpg', 'elephant.jpg', NULL, 2, 0, NULL, NULL, NULL, NULL),
	(44, 'fair-play-stamp', 0, 0, NULL, NULL, 'Fair Play', '1503,1506', 1101, 1201, 0, NULL, NULL, '', 0, '', 0, 0, 'fair play stamp.jpg', 'fair play stamp.jpg', NULL, 2, 0, NULL, NULL, NULL, NULL),
	(45, 'Stamp for King George VI', 0, 0, NULL, NULL, 'Stamp for King', '1503', 1101, 1201, 0, NULL, NULL, '', 0, '', 0, 0, 'king geoge vi.jpg', 'king geoge vi.jpg', NULL, 2, 0, NULL, NULL, NULL, NULL),
	(46, '2020 Photos', 0, 0, NULL, NULL, 'Mouni Roy Photos', '1503', 1101, 1201, 0, NULL, NULL, '得力', 20, 'Stunning Photos', 150, 0, 'Mouni Roy.jpg', 'xiaomi desktop.jpg,tequila cocktail.jpg,xiaomi desktop.jpg,,,', NULL, 2, 0, NULL, NULL, NULL, NULL),
	(47, 'QQ', 0, 0, NULL, NULL, 'QQ Music', '1503', 1101, 1201, 0, NULL, NULL, '', 0, '', 0, 0, 'qq music.jpg', 'qq music.jpg', NULL, 2, 0, NULL, NULL, NULL, NULL),
	(48, 'Cocktail', 0, 0, NULL, NULL, 'Tequila Cocktail', '1502,1505,1508', 1101, 1201, 0, NULL, NULL, '', 0, '', 0, 0, 'tequila cocktail.jpg', 'tequila cocktail.jpg', NULL, 2, 0, NULL, NULL, NULL, NULL),
	(50, '2020-04-21-04-00', 0, 1, NULL, NULL, 'New Product', '1501,1502', 1101, 1201, 0, NULL, NULL, 'Coca Cola', 0, '', 0, 0, 'qq music.jpg', 'pear.jpg,tequila cocktail.jpg', NULL, 2, 0, NULL, NULL, NULL, NULL);
/*!40000 ALTER TABLE `pms_product` ENABLE KEYS */;

-- Dumping structure for table fengmao01.pms_pro_brand
DROP TABLE IF EXISTS `pms_pro_brand`;
CREATE TABLE IF NOT EXISTS `pms_pro_brand` (
  `id` int(10) NOT NULL AUTO_INCREMENT,
  `type` int(1) NOT NULL DEFAULT 0 COMMENT '类型 0-普通 1-首页展示',
  `name` varchar(64) NOT NULL COMMENT '品牌',
  `pic` varchar(255) DEFAULT NULL COMMENT '图片',
  PRIMARY KEY (`id`) USING BTREE
) ENGINE=InnoDB AUTO_INCREMENT=10020 DEFAULT CHARSET=utf8 ROW_FORMAT=COMPACT;

-- Dumping data for table fengmao01.pms_pro_brand: ~6 rows (approximately)
/*!40000 ALTER TABLE `pms_pro_brand` DISABLE KEYS */;
REPLACE INTO `pms_pro_brand` (`id`, `type`, `name`, `pic`) VALUES
	(10014, 1, 'Coca Cola', 'cocacola.jpg'),
	(10015, 2, '得力', 'deli.jpg'),
	(10016, 1, 'Adidas', 'adidas.jpg'),
	(10017, 2, 'Lenovo', 'lenovo.jpg'),
	(10018, 2, 'NIKE', 'nike.jpg'),
	(10019, 2, 'Pepsi', 'pepsi.jpg');
/*!40000 ALTER TABLE `pms_pro_brand` ENABLE KEYS */;

-- Dumping structure for table fengmao01.pms_pro_category
DROP TABLE IF EXISTS `pms_pro_category`;
CREATE TABLE IF NOT EXISTS `pms_pro_category` (
  `id` int(10) NOT NULL AUTO_INCREMENT,
  `type` int(1) NOT NULL DEFAULT 0 COMMENT '类型',
  `name` varchar(16) NOT NULL COMMENT '名称',
  `pic` varchar(255) NOT NULL COMMENT '图片',
  PRIMARY KEY (`id`) USING BTREE
) ENGINE=InnoDB AUTO_INCREMENT=1106 DEFAULT CHARSET=utf8 ROW_FORMAT=COMPACT;

-- Dumping data for table fengmao01.pms_pro_category: ~5 rows (approximately)
/*!40000 ALTER TABLE `pms_pro_category` DISABLE KEYS */;
REPLACE INTO `pms_pro_category` (`id`, `type`, `name`, `pic`) VALUES
	(1101, 1, '上衣', 'fushipic'),
	(1102, 1, '下衣', 'xiepic'),
	(1103, 1, '鞋子', 'peishipic'),
	(1104, 1, '配饰', 'peishipic'),
	(1105, 1, '其他', 'qitapic');
/*!40000 ALTER TABLE `pms_pro_category` ENABLE KEYS */;

-- Dumping structure for table fengmao01.pms_pro_condition
DROP TABLE IF EXISTS `pms_pro_condition`;
CREATE TABLE IF NOT EXISTS `pms_pro_condition` (
  `id` int(11) NOT NULL AUTO_INCREMENT,
  `name` varchar(8) NOT NULL COMMENT '名称',
  `type` int(1) NOT NULL DEFAULT 0 COMMENT '类型',
  PRIMARY KEY (`id`) USING BTREE
) ENGINE=InnoDB AUTO_INCREMENT=1303 DEFAULT CHARSET=utf8 ROW_FORMAT=COMPACT;

-- Dumping data for table fengmao01.pms_pro_condition: ~2 rows (approximately)
/*!40000 ALTER TABLE `pms_pro_condition` DISABLE KEYS */;
REPLACE INTO `pms_pro_condition` (`id`, `name`, `type`) VALUES
	(1301, '全新', 3),
	(1302, '二手', 3);
/*!40000 ALTER TABLE `pms_pro_condition` ENABLE KEYS */;

-- Dumping structure for table fengmao01.pms_pro_size
DROP TABLE IF EXISTS `pms_pro_size`;
CREATE TABLE IF NOT EXISTS `pms_pro_size` (
  `id` int(10) NOT NULL AUTO_INCREMENT,
  `category_id` int(10) NOT NULL COMMENT '分类id',
  `type` int(1) NOT NULL DEFAULT 0 COMMENT '类型',
  `name` varchar(16) NOT NULL COMMENT '名称',
  PRIMARY KEY (`id`) USING BTREE
) ENGINE=InnoDB AUTO_INCREMENT=1424 DEFAULT CHARSET=utf8 ROW_FORMAT=COMPACT;

-- Dumping data for table fengmao01.pms_pro_size: ~23 rows (approximately)
/*!40000 ALTER TABLE `pms_pro_size` DISABLE KEYS */;
REPLACE INTO `pms_pro_size` (`id`, `category_id`, `type`, `name`) VALUES
	(1401, 1101, 4, 'XXS'),
	(1402, 1101, 4, 'XS'),
	(1403, 1101, 4, 'S'),
	(1404, 1101, 4, 'M'),
	(1405, 1101, 4, 'L'),
	(1406, 1101, 4, 'XL'),
	(1407, 1101, 4, 'XXL'),
	(1408, 1102, 4, '37'),
	(1409, 1102, 4, '38'),
	(1410, 1102, 4, '39'),
	(1411, 1102, 4, '40'),
	(1412, 1102, 4, '41'),
	(1413, 1102, 4, '42'),
	(1414, 1102, 4, '43'),
	(1415, 1102, 4, '44'),
	(1416, 1103, 4, '37'),
	(1417, 1103, 4, '38'),
	(1418, 1103, 4, '39'),
	(1419, 1103, 4, '40'),
	(1420, 1103, 4, '41'),
	(1421, 1103, 4, '42'),
	(1422, 1103, 4, '43'),
	(1423, 1103, 4, '44');
/*!40000 ALTER TABLE `pms_pro_size` ENABLE KEYS */;

-- Dumping structure for table fengmao01.pms_pro_style
DROP TABLE IF EXISTS `pms_pro_style`;
CREATE TABLE IF NOT EXISTS `pms_pro_style` (
  `id` int(10) NOT NULL AUTO_INCREMENT,
  `type` int(1) NOT NULL DEFAULT 0 COMMENT '类型',
  `name` varchar(16) NOT NULL COMMENT '名称',
  `en_name` varchar(16) DEFAULT NULL COMMENT '英文名称',
  `pic` varchar(255) DEFAULT NULL COMMENT '图片',
  PRIMARY KEY (`id`) USING BTREE
) ENGINE=InnoDB AUTO_INCREMENT=1509 DEFAULT CHARSET=utf8 ROW_FORMAT=COMPACT;

-- Dumping data for table fengmao01.pms_pro_style: ~8 rows (approximately)
/*!40000 ALTER TABLE `pms_pro_style` DISABLE KEYS */;
REPLACE INTO `pms_pro_style` (`id`, `type`, `name`, `en_name`, `pic`) VALUES
	(1501, 5, '工装', NULL, 'gongzhuangpic'),
	(1502, 5, '奢潮', NULL, 'shechaopic'),
	(1503, 5, '机能', NULL, 'jinengpic'),
	(1504, 5, '复古', NULL, 'fugupic'),
	(1505, 5, '运动', NULL, 'yundongpic'),
	(1506, 5, '原始', NULL, 'yuanshipic'),
	(1507, 5, '李微', NULL, 'desepic'),
	(1508, 5, '饺子', NULL, 'tuhaopic');
/*!40000 ALTER TABLE `pms_pro_style` ENABLE KEYS */;

-- Dumping structure for table fengmao01.pms_pro_sub_category
DROP TABLE IF EXISTS `pms_pro_sub_category`;
CREATE TABLE IF NOT EXISTS `pms_pro_sub_category` (
  `id` int(10) NOT NULL AUTO_INCREMENT,
  `category_id` int(10) NOT NULL COMMENT '分类id',
  `type` int(2) NOT NULL COMMENT '类型',
  `name` varchar(64) NOT NULL COMMENT '名称',
  `pic` varchar(255) NOT NULL COMMENT '图片',
  PRIMARY KEY (`id`) USING BTREE
) ENGINE=InnoDB AUTO_INCREMENT=1219 DEFAULT CHARSET=utf8 ROW_FORMAT=COMPACT;

-- Dumping data for table fengmao01.pms_pro_sub_category: ~18 rows (approximately)
/*!40000 ALTER TABLE `pms_pro_sub_category` DISABLE KEYS */;
REPLACE INTO `pms_pro_sub_category` (`id`, `category_id`, `type`, `name`, `pic`) VALUES
	(1201, 1101, 2, '外套', ''),
	(1202, 1101, 2, '卫衣', ''),
	(1203, 1101, 2, 'T恤', ''),
	(1204, 1101, 2, '衬衫', ''),
	(1205, 1102, 2, '长裤', ''),
	(1206, 1102, 2, '短裤', ''),
	(1207, 1103, 2, '靴子', ''),
	(1208, 1103, 2, '休闲鞋', ''),
	(1209, 1103, 2, '运动鞋', ''),
	(1210, 1103, 2, '凉鞋拖鞋', ''),
	(1211, 1103, 2, '跑鞋', ''),
	(1212, 1104, 2, '帽子', ''),
	(1213, 1104, 2, '眼镜', ''),
	(1214, 1104, 2, '皮带', ''),
	(1215, 1104, 2, '包', ''),
	(1216, 1104, 2, '首饰', ''),
	(1217, 1104, 2, '手表', ''),
	(1218, 1105, 2, '鞋带', 'xiedaipic');
/*!40000 ALTER TABLE `pms_pro_sub_category` ENABLE KEYS */;

-- Dumping structure for table fengmao01.sms_banner
DROP TABLE IF EXISTS `sms_banner`;
CREATE TABLE IF NOT EXISTS `sms_banner` (
  `id` int(11) NOT NULL AUTO_INCREMENT,
  `pic` varchar(255) NOT NULL COMMENT '图片地址',
  `type` int(1) NOT NULL COMMENT '类型',
  `sort` int(2) DEFAULT NULL COMMENT '排序',
  `value` int(8) DEFAULT NULL COMMENT 'type对应的值',
  `create_time` datetime DEFAULT NULL,
  `update_time` datetime DEFAULT NULL,
  PRIMARY KEY (`id`) USING BTREE
) ENGINE=InnoDB AUTO_INCREMENT=3 DEFAULT CHARSET=utf8 ROW_FORMAT=COMPACT;

-- Dumping data for table fengmao01.sms_banner: ~2 rows (approximately)
/*!40000 ALTER TABLE `sms_banner` DISABLE KEYS */;
REPLACE INTO `sms_banner` (`id`, `pic`, `type`, `sort`, `value`, `create_time`, `update_time`) VALUES
	(1, 'pic', 1, 1, 1, NULL, NULL),
	(2, 'pic2', 1, 2, 2, NULL, NULL);
/*!40000 ALTER TABLE `sms_banner` ENABLE KEYS */;

-- Dumping structure for table fengmao01.sms_collection_pro_config
DROP TABLE IF EXISTS `sms_collection_pro_config`;
CREATE TABLE IF NOT EXISTS `sms_collection_pro_config` (
  `id` int(11) NOT NULL AUTO_INCREMENT,
  `type` int(1) DEFAULT NULL COMMENT '类型',
  `value` varchar(16) DEFAULT NULL COMMENT '值',
  `name` varchar(16) DEFAULT NULL COMMENT '名称',
  PRIMARY KEY (`id`) USING BTREE
) ENGINE=InnoDB AUTO_INCREMENT=2 DEFAULT CHARSET=utf8 ROW_FORMAT=COMPACT;

-- Dumping data for table fengmao01.sms_collection_pro_config: ~0 rows (approximately)
/*!40000 ALTER TABLE `sms_collection_pro_config` DISABLE KEYS */;
REPLACE INTO `sms_collection_pro_config` (`id`, `type`, `value`, `name`) VALUES
	(1, 1, 'NIKE', 'NIKE品牌');
/*!40000 ALTER TABLE `sms_collection_pro_config` ENABLE KEYS */;

-- Dumping structure for table fengmao01.sms_config_param
DROP TABLE IF EXISTS `sms_config_param`;
CREATE TABLE IF NOT EXISTS `sms_config_param` (
  `id` int(11) NOT NULL AUTO_INCREMENT,
  `param_key` varchar(32) DEFAULT NULL COMMENT '键',
  `param_value` varchar(64) DEFAULT NULL COMMENT '值',
  `intro` varchar(32) DEFAULT NULL COMMENT '说明',
  PRIMARY KEY (`id`) USING BTREE
) ENGINE=InnoDB AUTO_INCREMENT=8 DEFAULT CHARSET=utf8 ROW_FORMAT=COMPACT;

-- Dumping data for table fengmao01.sms_config_param: ~7 rows (approximately)
/*!40000 ALTER TABLE `sms_config_param` DISABLE KEYS */;
REPLACE INTO `sms_config_param` (`id`, `param_key`, `param_value`, `intro`) VALUES
	(1, 'HOT_BRAND', '10001,10002,10003,10004,10005', '热门品牌id列表'),
	(2, 'PRODUCT_SHOW_COUNT', '10', '推荐商品、类似商品等展示数量'),
	(3, 'RECOMMEND_PRODUCT', '1,2,3,4,5,6,7,8,9,10', '推荐商品列表'),
	(4, 'COLLECTION_PRODUCT_TYPE1', '2,NIKE', '特辑商品流1 类型 1品牌 2风格 3类型 4子类型'),
	(5, 'COLLECTION_PRODUCT_TYPE2', '1,1505', '特辑商品流2'),
	(6, 'COLLECTION_PRODUCT_TYPE3', '2,JORDAN', '特辑商品流3'),
	(7, 'ORDER_EXPIRE_TIME', '5', '订单失效时间（分）');
/*!40000 ALTER TABLE `sms_config_param` ENABLE KEYS */;

-- Dumping structure for table fengmao01.ums_area
DROP TABLE IF EXISTS `ums_area`;
CREATE TABLE IF NOT EXISTS `ums_area` (
  `id` int(10) NOT NULL AUTO_INCREMENT,
  `codeid` mediumint(12) NOT NULL,
  `parentid` int(12) NOT NULL COMMENT '父id',
  `cityName` varchar(180) NOT NULL COMMENT '省/市/县名称',
  PRIMARY KEY (`id`) USING BTREE
) ENGINE=InnoDB AUTO_INCREMENT=3523 DEFAULT CHARSET=utf8 ROW_FORMAT=COMPACT COMMENT='省市县三级联动数据表';

-- Dumping data for table fengmao01.ums_area: ~3,522 rows (approximately)
/*!40000 ALTER TABLE `ums_area` DISABLE KEYS */;
REPLACE INTO `ums_area` (`id`, `codeid`, `parentid`, `cityName`) VALUES
	(1, 11, 0, '北京'),
	(2, 1101, 11, '北京市辖'),
	(3, 110101, 1101, '东城区'),
	(4, 110102, 1101, '西城区'),
	(5, 110103, 1101, '崇文区'),
	(6, 110104, 1101, '宣武区'),
	(7, 110105, 1101, '朝阳区'),
	(8, 110106, 1101, '丰台区'),
	(9, 110107, 1101, '石景山区'),
	(10, 110108, 1101, '海淀区'),
	(11, 110109, 1101, '门头沟区'),
	(12, 110111, 1101, '房山区'),
	(13, 110112, 1101, '通州区'),
	(14, 110113, 1101, '顺义区'),
	(15, 110114, 1101, '昌平区'),
	(16, 1102, 11, '北京县辖'),
	(17, 110224, 1102, '大兴县'),
	(18, 110226, 1102, '平谷县'),
	(19, 110227, 1102, '怀柔县'),
	(20, 110228, 1102, '密云县'),
	(21, 110229, 1102, '延庆县'),
	(22, 12, 0, '天津'),
	(23, 1201, 12, '天津市辖'),
	(24, 120101, 1201, '和平区'),
	(25, 120102, 1201, '河东区'),
	(26, 120103, 1201, '河西区'),
	(27, 120104, 1201, '南开区'),
	(28, 120105, 1201, '河北区'),
	(29, 120106, 1201, '红桥区'),
	(30, 120107, 1201, '塘沽区'),
	(31, 120108, 1201, '汉沽区'),
	(32, 120109, 1201, '大港区'),
	(33, 120110, 1201, '东丽区'),
	(34, 120111, 1201, '西青区'),
	(35, 120112, 1201, '津南区'),
	(36, 120113, 1201, '北辰区'),
	(37, 120114, 1201, '武清区'),
	(38, 1202, 12, '天津县辖'),
	(39, 120221, 1202, '宁河县'),
	(40, 120223, 1202, '静海县'),
	(41, 120224, 1202, '宝坻县'),
	(42, 120225, 1202, '蓟 县'),
	(43, 13, 0, '河北'),
	(44, 1301, 13, '石家庄'),
	(45, 130101, 1301, '市辖区'),
	(46, 130102, 1301, '长安区'),
	(47, 130103, 1301, '桥东区'),
	(48, 130104, 1301, '桥西区'),
	(49, 130105, 1301, '新华区'),
	(50, 130106, 1301, '郊 区'),
	(51, 130107, 1301, '井陉矿区'),
	(52, 130121, 1301, '井陉县'),
	(53, 130123, 1301, '正定县'),
	(54, 130124, 1301, '栾城县'),
	(55, 130125, 1301, '行唐县'),
	(56, 130126, 1301, '灵寿县'),
	(57, 130127, 1301, '高邑县'),
	(58, 130128, 1301, '深泽县'),
	(59, 130129, 1301, '赞皇县'),
	(60, 130130, 1301, '无极县'),
	(61, 130131, 1301, '平山县'),
	(62, 130132, 1301, '元氏县'),
	(63, 130133, 1301, '赵 县'),
	(64, 130181, 1301, '辛集市'),
	(65, 130182, 1301, '藁城市'),
	(66, 130183, 1301, '晋州市'),
	(67, 130184, 1301, '新乐市'),
	(68, 130185, 1301, '鹿泉市'),
	(69, 1302, 13, '唐山'),
	(70, 130201, 1302, '市辖区'),
	(71, 130202, 1302, '路南区'),
	(72, 130203, 1302, '路北区'),
	(73, 130204, 1302, '古冶区'),
	(74, 130205, 1302, '开平区'),
	(75, 130206, 1302, '新 区'),
	(76, 130221, 1302, '丰润县'),
	(77, 130223, 1302, '滦 县'),
	(78, 130224, 1302, '滦南县'),
	(79, 130225, 1302, '乐亭县'),
	(80, 130227, 1302, '迁西县'),
	(81, 130229, 1302, '玉田县'),
	(82, 130230, 1302, '唐海县'),
	(83, 130281, 1302, '遵化市'),
	(84, 130282, 1302, '丰南市'),
	(85, 130283, 1302, '迁安市'),
	(86, 1303, 13, '秦皇岛'),
	(87, 130301, 1303, '市辖区'),
	(88, 130302, 1303, '海港区'),
	(89, 130303, 1303, '山海关区'),
	(90, 130304, 1303, '北戴河区'),
	(91, 130321, 1303, '青龙满族自治县'),
	(92, 130322, 1303, '昌黎县'),
	(93, 130323, 1303, '抚宁县'),
	(94, 130324, 1303, '卢龙县'),
	(95, 1304, 13, '邯郸'),
	(96, 130401, 1304, '市辖区'),
	(97, 130402, 1304, '邯山区'),
	(98, 130403, 1304, '丛台区'),
	(99, 130404, 1304, '复兴区'),
	(100, 130406, 1304, '峰峰矿区'),
	(101, 130421, 1304, '邯郸县'),
	(102, 130423, 1304, '临漳县'),
	(103, 130424, 1304, '成安县'),
	(104, 130425, 1304, '大名县'),
	(105, 130426, 1304, '涉 县'),
	(106, 130427, 1304, '磁 县'),
	(107, 130428, 1304, '肥乡县'),
	(108, 130429, 1304, '永年县'),
	(109, 130430, 1304, '邱 县'),
	(110, 130431, 1304, '鸡泽县'),
	(111, 130432, 1304, '广平县'),
	(112, 130433, 1304, '馆陶县'),
	(113, 130434, 1304, '魏 县'),
	(114, 130435, 1304, '曲周县'),
	(115, 130481, 1304, '武安市'),
	(116, 1305, 13, '邢台'),
	(117, 130501, 1305, '市辖区'),
	(118, 130502, 1305, '桥东区'),
	(119, 130503, 1305, '桥西区'),
	(120, 130521, 1305, '邢台县'),
	(121, 130522, 1305, '临城县'),
	(122, 130523, 1305, '内丘县'),
	(123, 130524, 1305, '柏乡县'),
	(124, 130525, 1305, '隆尧县'),
	(125, 130526, 1305, '任 县'),
	(126, 130527, 1305, '南和县'),
	(127, 130528, 1305, '宁晋县'),
	(128, 130529, 1305, '巨鹿县'),
	(129, 130530, 1305, '新河县'),
	(130, 130531, 1305, '广宗县'),
	(131, 130532, 1305, '平乡县'),
	(132, 130533, 1305, '威 县'),
	(133, 130534, 1305, '清河县'),
	(134, 130535, 1305, '临西县'),
	(135, 130581, 1305, '南宫市'),
	(136, 130582, 1305, '沙河市'),
	(137, 1306, 13, '保定'),
	(138, 130601, 1306, '市辖区'),
	(139, 130602, 1306, '新市区'),
	(140, 130603, 1306, '北市区'),
	(141, 130604, 1306, '南市区'),
	(142, 130621, 1306, '满城县'),
	(143, 130622, 1306, '清苑县'),
	(144, 130623, 1306, '涞水县'),
	(145, 130624, 1306, '阜平县'),
	(146, 130625, 1306, '徐水县'),
	(147, 130626, 1306, '定兴县'),
	(148, 130627, 1306, '唐 县'),
	(149, 130628, 1306, '高阳县'),
	(150, 130629, 1306, '容城县'),
	(151, 130630, 1306, '涞源县'),
	(152, 130631, 1306, '望都县'),
	(153, 130632, 1306, '安新县'),
	(154, 130633, 1306, '易 县'),
	(155, 130634, 1306, '曲阳县'),
	(156, 130635, 1306, '蠡 县'),
	(157, 130636, 1306, '顺平县'),
	(158, 130637, 1306, '博野县'),
	(159, 130638, 1306, '雄 县'),
	(160, 130681, 1306, '涿州市'),
	(161, 130682, 1306, '定州市'),
	(162, 130683, 1306, '安国市'),
	(163, 130684, 1306, '高碑店市'),
	(164, 1307, 13, '张家口'),
	(165, 130701, 1307, '市辖区'),
	(166, 130702, 1307, '桥东区'),
	(167, 130703, 1307, '桥西区'),
	(168, 130705, 1307, '宣化区'),
	(169, 130706, 1307, '下花园区'),
	(170, 130721, 1307, '宣化县'),
	(171, 130722, 1307, '张北县'),
	(172, 130723, 1307, '康保县'),
	(173, 130724, 1307, '沽源县'),
	(174, 130725, 1307, '尚义县'),
	(175, 130726, 1307, '蔚 县'),
	(176, 130727, 1307, '阳原县'),
	(177, 130728, 1307, '怀安县'),
	(178, 130729, 1307, '万全县'),
	(179, 130730, 1307, '怀来县'),
	(180, 130731, 1307, '涿鹿县'),
	(181, 130732, 1307, '赤城县'),
	(182, 130733, 1307, '崇礼县'),
	(183, 1308, 13, '承德'),
	(184, 130801, 1308, '市辖区'),
	(185, 130802, 1308, '双桥区'),
	(186, 130803, 1308, '双滦区'),
	(187, 130804, 1308, '鹰手营子矿区'),
	(188, 130821, 1308, '承德县'),
	(189, 130822, 1308, '兴隆县'),
	(190, 130823, 1308, '平泉县'),
	(191, 130824, 1308, '滦平县'),
	(192, 130825, 1308, '隆化县'),
	(193, 130826, 1308, '丰宁满族自治县'),
	(194, 130827, 1308, '宽城满族自治县'),
	(195, 130828, 1308, '围场满族蒙古族自治县'),
	(196, 1309, 13, '沧州'),
	(197, 130901, 1309, '市辖区'),
	(198, 130902, 1309, '新华区'),
	(199, 130903, 1309, '运河区'),
	(200, 130921, 1309, '沧 县'),
	(201, 130922, 1309, '青 县'),
	(202, 130923, 1309, '东光县'),
	(203, 130924, 1309, '海兴县'),
	(204, 130925, 1309, '盐山县'),
	(205, 130926, 1309, '肃宁县'),
	(206, 130927, 1309, '南皮县'),
	(207, 130928, 1309, '吴桥县'),
	(208, 130929, 1309, '献 县'),
	(209, 130930, 1309, '孟村回族自治县'),
	(210, 130981, 1309, '泊头市'),
	(211, 130982, 1309, '任丘市'),
	(212, 130983, 1309, '黄骅市'),
	(213, 130984, 1309, '河间市'),
	(214, 1310, 13, '廊坊'),
	(215, 131001, 1310, '市辖区'),
	(216, 131002, 1310, '安次区'),
	(217, 131003, 1310, '廊坊市广阳区'),
	(218, 131022, 1310, '固安县'),
	(219, 131023, 1310, '永清县'),
	(220, 131024, 1310, '香河县'),
	(221, 131025, 1310, '大城县'),
	(222, 131026, 1310, '文安县'),
	(223, 131028, 1310, '大厂回族自治县'),
	(224, 131081, 1310, '霸州市'),
	(225, 131082, 1310, '三河市'),
	(226, 1311, 13, '衡水'),
	(227, 131101, 1311, '市辖区'),
	(228, 131102, 1311, '桃城区'),
	(229, 131121, 1311, '枣强县'),
	(230, 131122, 1311, '武邑县'),
	(231, 131123, 1311, '武强县'),
	(232, 131124, 1311, '饶阳县'),
	(233, 131125, 1311, '安平县'),
	(234, 131126, 1311, '故城县'),
	(235, 131127, 1311, '景 县'),
	(236, 131128, 1311, '阜城县'),
	(237, 131181, 1311, '冀州市'),
	(238, 131182, 1311, '深州市'),
	(239, 14, 0, '山西'),
	(240, 1401, 14, '太原'),
	(241, 140101, 1401, '市辖区'),
	(242, 140105, 1401, '小店区'),
	(243, 140106, 1401, '迎泽区'),
	(244, 140107, 1401, '杏花岭区'),
	(245, 140108, 1401, '尖草坪区'),
	(246, 140109, 1401, '万柏林区'),
	(247, 140110, 1401, '晋源区'),
	(248, 140121, 1401, '清徐县'),
	(249, 140122, 1401, '阳曲县'),
	(250, 140123, 1401, '娄烦县'),
	(251, 140181, 1401, '古交市'),
	(252, 1402, 14, '大同'),
	(253, 140201, 1402, '市辖区'),
	(254, 140202, 1402, '城 区'),
	(255, 140203, 1402, '矿 区'),
	(256, 140211, 1402, '南郊区'),
	(257, 140212, 1402, '新荣区'),
	(258, 140221, 1402, '阳高县'),
	(259, 140222, 1402, '天镇县'),
	(260, 140223, 1402, '广灵县'),
	(261, 140224, 1402, '灵丘县'),
	(262, 140225, 1402, '浑源县'),
	(263, 140226, 1402, '左云县'),
	(264, 140227, 1402, '大同县'),
	(265, 1403, 14, '阳泉'),
	(266, 140301, 1403, '市辖区'),
	(267, 140302, 1403, '城 区'),
	(268, 140303, 1403, '矿 区'),
	(269, 140311, 1403, '郊 区'),
	(270, 140321, 1403, '平定县'),
	(271, 140322, 1403, '盂 县'),
	(272, 1404, 14, '长治'),
	(273, 140401, 1404, '市辖区'),
	(274, 140402, 1404, '城 区'),
	(275, 140411, 1404, '郊 区'),
	(276, 140421, 1404, '长治县'),
	(277, 140423, 1404, '襄垣县'),
	(278, 140424, 1404, '屯留县'),
	(279, 140425, 1404, '平顺县'),
	(280, 140426, 1404, '黎城县'),
	(281, 140427, 1404, '壶关县'),
	(282, 140428, 1404, '长子县'),
	(283, 140429, 1404, '武乡县'),
	(284, 140430, 1404, '沁 县'),
	(285, 140431, 1404, '沁源县'),
	(286, 140481, 1404, '潞城市'),
	(287, 1405, 14, '晋城'),
	(288, 140501, 1405, '市辖区'),
	(289, 140502, 1405, '城 区'),
	(290, 140521, 1405, '沁水县'),
	(291, 140522, 1405, '阳城县'),
	(292, 140524, 1405, '陵川县'),
	(293, 140525, 1405, '泽州县'),
	(294, 140581, 1405, '高平市'),
	(295, 1406, 14, '朔州'),
	(296, 140601, 1406, '市辖区'),
	(297, 140602, 1406, '朔城区'),
	(298, 140603, 1406, '平鲁区'),
	(299, 140621, 1406, '山阴县'),
	(300, 140622, 1406, '应 县'),
	(301, 140623, 1406, '右玉县'),
	(302, 140624, 1406, '怀仁县'),
	(303, 1407, 14, '晋中'),
	(304, 140701, 1407, '市辖区'),
	(305, 140702, 1407, '榆次区'),
	(306, 140721, 1407, '榆社县'),
	(307, 140722, 1407, '左权县'),
	(308, 140723, 1407, '和顺县'),
	(309, 140724, 1407, '昔阳县'),
	(310, 140725, 1407, '寿阳县'),
	(311, 140726, 1407, '太谷县'),
	(312, 140727, 1407, '祁 县'),
	(313, 140728, 1407, '平遥县'),
	(314, 140729, 1407, '灵石县'),
	(315, 140781, 1407, '介休市'),
	(316, 1408, 14, '运城'),
	(317, 140801, 1408, '市辖区'),
	(318, 140802, 1408, '盐湖区'),
	(319, 140821, 1408, '临猗县'),
	(320, 140822, 1408, '万荣县'),
	(321, 140823, 1408, '闻喜县'),
	(322, 140824, 1408, '稷山县'),
	(323, 140825, 1408, '新绛县'),
	(324, 140826, 1408, '绛 县'),
	(325, 140827, 1408, '垣曲县'),
	(326, 140828, 1408, '夏 县'),
	(327, 140829, 1408, '平陆县'),
	(328, 140830, 1408, '芮城县'),
	(329, 140881, 1408, '永济市'),
	(330, 140882, 1408, '河津市'),
	(331, 1409, 14, '忻州'),
	(332, 140901, 1409, '市辖区'),
	(333, 140902, 1409, '忻府区'),
	(334, 140921, 1409, '定襄县'),
	(335, 140922, 1409, '五台县'),
	(336, 140923, 1409, '代 县'),
	(337, 140924, 1409, '繁峙县'),
	(338, 140925, 1409, '宁武县'),
	(339, 140926, 1409, '静乐县'),
	(340, 140927, 1409, '神池县'),
	(341, 140928, 1409, '五寨县'),
	(342, 140929, 1409, '岢岚县'),
	(343, 140930, 1409, '河曲县'),
	(344, 140931, 1409, '保德县'),
	(345, 140932, 1409, '偏关县'),
	(346, 140981, 1409, '原平市'),
	(347, 1410, 14, '临汾'),
	(348, 141001, 1410, '市辖区'),
	(349, 141002, 1410, '尧都区'),
	(350, 141021, 1410, '曲沃县'),
	(351, 141022, 1410, '翼城县'),
	(352, 141023, 1410, '襄汾县'),
	(353, 141024, 1410, '洪洞县'),
	(354, 141025, 1410, '古 县'),
	(355, 141026, 1410, '安泽县'),
	(356, 141027, 1410, '浮山县'),
	(357, 141028, 1410, '吉 县'),
	(358, 141029, 1410, '乡宁县'),
	(359, 141030, 1410, '大宁县'),
	(360, 141031, 1410, '隰 县'),
	(361, 141032, 1410, '永和县'),
	(362, 141033, 1410, '蒲 县'),
	(363, 141034, 1410, '汾西县'),
	(364, 141081, 1410, '侯马市'),
	(365, 141082, 1410, '霍州市'),
	(366, 1423, 14, '吕梁地区'),
	(367, 142301, 1423, '孝义市'),
	(368, 142302, 1423, '离石市'),
	(369, 142303, 1423, '汾阳市'),
	(370, 142322, 1423, '文水县'),
	(371, 142323, 1423, '交城县'),
	(372, 142325, 1423, '兴 县'),
	(373, 142326, 1423, '临 县'),
	(374, 142327, 1423, '柳林县'),
	(375, 142328, 1423, '石楼县'),
	(376, 142329, 1423, '岚 县'),
	(377, 142330, 1423, '方山县'),
	(378, 142332, 1423, '中阳县'),
	(379, 142333, 1423, '交口县'),
	(380, 15, 0, '内蒙古'),
	(381, 1501, 15, '呼和浩特'),
	(382, 150101, 1501, '市辖区'),
	(383, 150102, 1501, '新城区'),
	(384, 150103, 1501, '回民区'),
	(385, 150104, 1501, '玉泉区'),
	(386, 150105, 1501, '赛罕区'),
	(387, 150121, 1501, '土默特左旗'),
	(388, 150122, 1501, '托克托县'),
	(389, 150123, 1501, '和林格尔县'),
	(390, 150124, 1501, '清水河县'),
	(391, 150125, 1501, '武川县'),
	(392, 1502, 15, '包头'),
	(393, 150201, 1502, '市辖区'),
	(394, 150202, 1502, '东河区'),
	(395, 150203, 1502, '昆都伦区'),
	(396, 150204, 1502, '青山区'),
	(397, 150205, 1502, '石拐区'),
	(398, 150206, 1502, '白云矿区'),
	(399, 150207, 1502, '九原区'),
	(400, 150221, 1502, '土默特右旗'),
	(401, 150222, 1502, '固阳县'),
	(402, 150223, 1502, '达尔罕茂明安联合旗'),
	(403, 1503, 15, '乌海'),
	(404, 150301, 1503, '市辖区'),
	(405, 150302, 1503, '海勃湾区'),
	(406, 150303, 1503, '海南区'),
	(407, 150304, 1503, '乌达区'),
	(408, 1504, 15, '赤峰'),
	(409, 150401, 1504, '市辖区'),
	(410, 150402, 1504, '红山区'),
	(411, 150403, 1504, '元宝山区'),
	(412, 150404, 1504, '松山区'),
	(413, 150421, 1504, '阿鲁科尔沁旗'),
	(414, 150422, 1504, '巴林左旗'),
	(415, 150423, 1504, '巴林右旗'),
	(416, 150424, 1504, '林西县'),
	(417, 150425, 1504, '克什克腾旗'),
	(418, 150426, 1504, '翁牛特旗'),
	(419, 150428, 1504, '喀喇沁旗'),
	(420, 150429, 1504, '宁城县'),
	(421, 150430, 1504, '敖汉旗'),
	(422, 1505, 15, '通辽'),
	(423, 150501, 1505, '市辖区'),
	(424, 150502, 1505, '科尔沁区'),
	(425, 150521, 1505, '科尔沁左翼中旗'),
	(426, 150522, 1505, '科尔沁左翼后旗'),
	(427, 150523, 1505, '开鲁县'),
	(428, 150524, 1505, '库伦旗'),
	(429, 150525, 1505, '奈曼旗'),
	(430, 150526, 1505, '扎鲁特旗'),
	(431, 150581, 1505, '霍林郭勒市'),
	(432, 1521, 15, '呼伦贝尔盟'),
	(433, 152101, 1521, '海拉尔市'),
	(434, 152102, 1521, '满洲里市'),
	(435, 152103, 1521, '扎兰屯市'),
	(436, 152104, 1521, '牙克石市'),
	(437, 152105, 1521, '根河市'),
	(438, 152106, 1521, '额尔古纳市'),
	(439, 152122, 1521, '阿荣旗'),
	(440, 152123, 1521, '莫力达瓦达斡尔族自治'),
	(441, 152127, 1521, '鄂伦春自治旗'),
	(442, 152128, 1521, '鄂温克族自治旗'),
	(443, 152129, 1521, '新巴尔虎右旗'),
	(444, 152130, 1521, '新巴尔虎左旗'),
	(445, 152131, 1521, '陈巴尔虎旗'),
	(446, 1522, 15, '兴安盟'),
	(447, 152201, 1522, '乌兰浩特市'),
	(448, 152202, 1522, '阿尔山市'),
	(449, 152221, 1522, '科尔沁右翼前旗'),
	(450, 152222, 1522, '科尔沁右翼中旗'),
	(451, 152223, 1522, '扎赉特旗'),
	(452, 152224, 1522, '突泉县'),
	(453, 1525, 15, '锡林郭勒盟'),
	(454, 152501, 1525, '二连浩特市'),
	(455, 152502, 1525, '锡林浩特市'),
	(456, 152522, 1525, '阿巴嘎旗'),
	(457, 152523, 1525, '苏尼特左旗'),
	(458, 152524, 1525, '苏尼特右旗'),
	(459, 152525, 1525, '东乌珠穆沁旗'),
	(460, 152526, 1525, '西乌珠穆沁旗'),
	(461, 152527, 1525, '太仆寺旗'),
	(462, 152528, 1525, '镶黄旗'),
	(463, 152529, 1525, '正镶白旗'),
	(464, 152530, 1525, '正蓝旗'),
	(465, 152531, 1525, '多伦县'),
	(466, 1526, 15, '乌兰察布盟'),
	(467, 152601, 1526, '集宁市'),
	(468, 152602, 1526, '丰镇市'),
	(469, 152624, 1526, '卓资县'),
	(470, 152625, 1526, '化德县'),
	(471, 152626, 1526, '商都县'),
	(472, 152627, 1526, '兴和县'),
	(473, 152629, 1526, '凉城县'),
	(474, 152630, 1526, '察哈尔右翼前旗'),
	(475, 152631, 1526, '察哈尔右翼中旗'),
	(476, 152632, 1526, '察哈尔右翼后旗'),
	(477, 152634, 1526, '四子王旗'),
	(478, 1527, 15, '伊克昭盟'),
	(479, 152701, 1527, '东胜市'),
	(480, 152722, 1527, '达拉特旗'),
	(481, 152723, 1527, '准格尔旗'),
	(482, 152724, 1527, '鄂托克前旗'),
	(483, 152725, 1527, '鄂托克旗'),
	(484, 152726, 1527, '杭锦旗'),
	(485, 152727, 1527, '乌审旗'),
	(486, 152728, 1527, '伊金霍洛旗'),
	(487, 1528, 15, '巴彦淖尔盟'),
	(488, 152801, 1528, '临河市'),
	(489, 152822, 1528, '五原县'),
	(490, 152823, 1528, '磴口县'),
	(491, 152824, 1528, '乌拉特前旗'),
	(492, 152825, 1528, '乌拉特中旗'),
	(493, 152826, 1528, '乌拉特后旗'),
	(494, 152827, 1528, '杭锦后旗'),
	(495, 1529, 15, '阿拉善盟'),
	(496, 152921, 1529, '阿拉善左旗'),
	(497, 152922, 1529, '阿拉善右旗'),
	(498, 152923, 1529, '额济纳旗'),
	(499, 21, 0, '辽宁'),
	(500, 2101, 21, '沈阳'),
	(501, 210101, 2101, '市辖区'),
	(502, 210102, 2101, '和平区'),
	(503, 210103, 2101, '沈河区'),
	(504, 210104, 2101, '大东区'),
	(505, 210105, 2101, '皇姑区'),
	(506, 210106, 2101, '铁西区'),
	(507, 210111, 2101, '苏家屯区'),
	(508, 210112, 2101, '东陵区'),
	(509, 210113, 2101, '新城子区'),
	(510, 210114, 2101, '于洪区'),
	(511, 210122, 2101, '辽中县'),
	(512, 210123, 2101, '康平县'),
	(513, 210124, 2101, '法库县'),
	(514, 210181, 2101, '新民市'),
	(515, 2102, 21, '大连'),
	(516, 210201, 2102, '市辖区'),
	(517, 210202, 2102, '中山区'),
	(518, 210203, 2102, '西岗区'),
	(519, 210204, 2102, '沙河口区'),
	(520, 210211, 2102, '甘井子区'),
	(521, 210212, 2102, '旅顺口区'),
	(522, 210213, 2102, '金州区'),
	(523, 210224, 2102, '长海县'),
	(524, 210281, 2102, '瓦房店市'),
	(525, 210282, 2102, '普兰店市'),
	(526, 210283, 2102, '庄河市'),
	(527, 2103, 21, '鞍山'),
	(528, 210301, 2103, '市辖区'),
	(529, 210302, 2103, '铁东区'),
	(530, 210303, 2103, '铁西区'),
	(531, 210304, 2103, '立山区'),
	(532, 210311, 2103, '千山区'),
	(533, 210321, 2103, '台安县'),
	(534, 210323, 2103, '岫岩满族自治县'),
	(535, 210381, 2103, '海城市'),
	(536, 2104, 21, '抚顺'),
	(537, 210401, 2104, '市辖区'),
	(538, 210402, 2104, '新抚区'),
	(539, 210403, 2104, '东洲区'),
	(540, 210404, 2104, '望花区'),
	(541, 210411, 2104, '顺城区'),
	(542, 210421, 2104, '抚顺县'),
	(543, 210422, 2104, '新宾满族自治县'),
	(544, 210423, 2104, '清原满族自治县'),
	(545, 2105, 21, '本溪'),
	(546, 210501, 2105, '市辖区'),
	(547, 210502, 2105, '平山区'),
	(548, 210503, 2105, '溪湖区'),
	(549, 210504, 2105, '明山区'),
	(550, 210505, 2105, '南芬区'),
	(551, 210521, 2105, '本溪满族自治县'),
	(552, 210522, 2105, '桓仁满族自治县'),
	(553, 2106, 21, '丹东'),
	(554, 210601, 2106, '市辖区'),
	(555, 210602, 2106, '元宝区'),
	(556, 210603, 2106, '振兴区'),
	(557, 210604, 2106, '振安区'),
	(558, 210624, 2106, '宽甸满族自治县'),
	(559, 210681, 2106, '东港市'),
	(560, 210682, 2106, '凤城市'),
	(561, 2107, 21, '锦州'),
	(562, 210701, 2107, '市辖区'),
	(563, 210702, 2107, '古塔区'),
	(564, 210703, 2107, '凌河区'),
	(565, 210711, 2107, '太和区'),
	(566, 210726, 2107, '黑山县'),
	(567, 210727, 2107, '义 县'),
	(568, 210781, 2107, '凌海市'),
	(569, 210782, 2107, '北宁市'),
	(570, 2108, 21, '营口'),
	(571, 210801, 2108, '市辖区'),
	(572, 210802, 2108, '站前区'),
	(573, 210803, 2108, '西市区'),
	(574, 210804, 2108, '鲅鱼圈区'),
	(575, 210811, 2108, '老边区'),
	(576, 210881, 2108, '盖州市'),
	(577, 210882, 2108, '大石桥市'),
	(578, 2109, 21, '阜新'),
	(579, 210901, 2109, '市辖区'),
	(580, 210902, 2109, '海州区'),
	(581, 210903, 2109, '新邱区'),
	(582, 210904, 2109, '太平区'),
	(583, 210905, 2109, '清河门区'),
	(584, 210911, 2109, '细河区'),
	(585, 210921, 2109, '阜新蒙古族自治县'),
	(586, 210922, 2109, '彰武县'),
	(587, 2110, 21, '辽阳'),
	(588, 211001, 2110, '市辖区'),
	(589, 211002, 2110, '白塔区'),
	(590, 211003, 2110, '文圣区'),
	(591, 211004, 2110, '宏伟区'),
	(592, 211005, 2110, '弓长岭区'),
	(593, 211011, 2110, '太子河区'),
	(594, 211021, 2110, '辽阳县'),
	(595, 211081, 2110, '灯塔市'),
	(596, 2111, 21, '盘锦'),
	(597, 211101, 2111, '市辖区'),
	(598, 211102, 2111, '双台子区'),
	(599, 211103, 2111, '兴隆台区'),
	(600, 211121, 2111, '大洼县'),
	(601, 211122, 2111, '盘山县'),
	(602, 2112, 21, '铁岭'),
	(603, 211201, 2112, '市辖区'),
	(604, 211202, 2112, '银州区'),
	(605, 211204, 2112, '清河区'),
	(606, 211221, 2112, '铁岭县'),
	(607, 211223, 2112, '西丰县'),
	(608, 211224, 2112, '昌图县'),
	(609, 211281, 2112, '铁法市'),
	(610, 211282, 2112, '开原市'),
	(611, 2113, 21, '朝阳'),
	(612, 211301, 2113, '市辖区'),
	(613, 211302, 2113, '双塔区'),
	(614, 211303, 2113, '龙城区'),
	(615, 211321, 2113, '朝阳县'),
	(616, 211322, 2113, '建平县'),
	(617, 211324, 2113, '喀喇沁左翼蒙古族自治'),
	(618, 211381, 2113, '北票市'),
	(619, 211382, 2113, '凌源市'),
	(620, 2114, 21, '葫芦岛'),
	(621, 211401, 2114, '市辖区'),
	(622, 211402, 2114, '连山区'),
	(623, 211403, 2114, '龙港区'),
	(624, 211404, 2114, '南票区'),
	(625, 211421, 2114, '绥中县'),
	(626, 211422, 2114, '建昌县'),
	(627, 211481, 2114, '兴城市'),
	(628, 22, 0, '吉林'),
	(629, 2201, 22, '长春'),
	(630, 220101, 2201, '市辖区'),
	(631, 220102, 2201, '南关区'),
	(632, 220103, 2201, '宽城区'),
	(633, 220104, 2201, '朝阳区'),
	(634, 220105, 2201, '二道区'),
	(635, 220106, 2201, '绿园区'),
	(636, 220112, 2201, '双阳区'),
	(637, 220122, 2201, '农安县'),
	(638, 220181, 2201, '九台市'),
	(639, 220182, 2201, '榆树市'),
	(640, 220183, 2201, '德惠市'),
	(641, 2202, 22, '吉林'),
	(642, 220201, 2202, '市辖区'),
	(643, 220202, 2202, '昌邑区'),
	(644, 220203, 2202, '龙潭区'),
	(645, 220204, 2202, '船营区'),
	(646, 220211, 2202, '丰满区'),
	(647, 220221, 2202, '永吉县'),
	(648, 220281, 2202, '蛟河市'),
	(649, 220282, 2202, '桦甸市'),
	(650, 220283, 2202, '舒兰市'),
	(651, 220284, 2202, '磐石市'),
	(652, 2203, 22, '四平'),
	(653, 220301, 2203, '市辖区'),
	(654, 220302, 2203, '铁西区'),
	(655, 220303, 2203, '铁东区'),
	(656, 220322, 2203, '梨树县'),
	(657, 220323, 2203, '伊通满族自治县'),
	(658, 220381, 2203, '公主岭市'),
	(659, 220382, 2203, '双辽市'),
	(660, 2204, 22, '辽源'),
	(661, 220401, 2204, '市辖区'),
	(662, 220402, 2204, '龙山区'),
	(663, 220403, 2204, '西安区'),
	(664, 220421, 2204, '东丰县'),
	(665, 220422, 2204, '东辽县'),
	(666, 2205, 22, '通化'),
	(667, 220501, 2205, '市辖区'),
	(668, 220502, 2205, '东昌区'),
	(669, 220503, 2205, '二道江区'),
	(670, 220521, 2205, '通化县'),
	(671, 220523, 2205, '辉南县'),
	(672, 220524, 2205, '柳河县'),
	(673, 220581, 2205, '梅河口市'),
	(674, 220582, 2205, '集安市'),
	(675, 2206, 22, '白山'),
	(676, 220601, 2206, '市辖区'),
	(677, 220602, 2206, '八道江区'),
	(678, 220621, 2206, '抚松县'),
	(679, 220622, 2206, '靖宇县'),
	(680, 220623, 2206, '长白朝鲜族自治县'),
	(681, 220625, 2206, '江源县'),
	(682, 220681, 2206, '临江市'),
	(683, 2207, 22, '松原'),
	(684, 220701, 2207, '市辖区'),
	(685, 220702, 2207, '宁江区'),
	(686, 220721, 2207, '前郭尔罗斯蒙古族自治'),
	(687, 220722, 2207, '长岭县'),
	(688, 220723, 2207, '乾安县'),
	(689, 220724, 2207, '扶余县'),
	(690, 2208, 22, '白城'),
	(691, 220801, 2208, '市辖区'),
	(692, 220802, 2208, '洮北区'),
	(693, 220821, 2208, '镇赉县'),
	(694, 220822, 2208, '通榆县'),
	(695, 220881, 2208, '洮南市'),
	(696, 220882, 2208, '大安市'),
	(697, 2224, 22, '延边朝鲜族自治州'),
	(698, 222401, 2224, '延吉市'),
	(699, 222402, 2224, '图们市'),
	(700, 222403, 2224, '敦化市'),
	(701, 222404, 2224, '珲春市'),
	(702, 222405, 2224, '龙井市'),
	(703, 222406, 2224, '和龙市'),
	(704, 222424, 2224, '汪清县'),
	(705, 222426, 2224, '安图县'),
	(706, 23, 0, '黑龙江'),
	(707, 2301, 23, '哈尔滨'),
	(708, 230101, 2301, '市辖区'),
	(709, 230102, 2301, '道里区'),
	(710, 230103, 2301, '南岗区'),
	(711, 230104, 2301, '道外区'),
	(712, 230105, 2301, '太平区'),
	(713, 230106, 2301, '香坊区'),
	(714, 230107, 2301, '动力区'),
	(715, 230108, 2301, '平房区'),
	(716, 230121, 2301, '呼兰县'),
	(717, 230123, 2301, '依兰县'),
	(718, 230124, 2301, '方正县'),
	(719, 230125, 2301, '宾 县'),
	(720, 230126, 2301, '巴彦县'),
	(721, 230127, 2301, '木兰县'),
	(722, 230128, 2301, '通河县'),
	(723, 230129, 2301, '延寿县'),
	(724, 230181, 2301, '阿城市'),
	(725, 230182, 2301, '双城市'),
	(726, 230183, 2301, '尚志市'),
	(727, 230184, 2301, '五常市'),
	(728, 2302, 23, '齐齐哈尔'),
	(729, 230201, 2302, '市辖区'),
	(730, 230202, 2302, '龙沙区'),
	(731, 230203, 2302, '建华区'),
	(732, 230204, 2302, '铁锋区'),
	(733, 230205, 2302, '昂昂溪区'),
	(734, 230206, 2302, '富拉尔基区'),
	(735, 230207, 2302, '碾子山区'),
	(736, 230208, 2302, '梅里斯达斡尔族区'),
	(737, 230221, 2302, '龙江县'),
	(738, 230223, 2302, '依安县'),
	(739, 230224, 2302, '泰来县'),
	(740, 230225, 2302, '甘南县'),
	(741, 230227, 2302, '富裕县'),
	(742, 230229, 2302, '克山县'),
	(743, 230230, 2302, '克东县'),
	(744, 230231, 2302, '拜泉县'),
	(745, 230281, 2302, '讷河市'),
	(746, 2303, 23, '鸡西'),
	(747, 230301, 2303, '市辖区'),
	(748, 230302, 2303, '鸡冠区'),
	(749, 230303, 2303, '恒山区'),
	(750, 230304, 2303, '滴道区'),
	(751, 230305, 2303, '梨树区'),
	(752, 230306, 2303, '城子河区'),
	(753, 230307, 2303, '麻山区'),
	(754, 230321, 2303, '鸡东县'),
	(755, 230381, 2303, '虎林市'),
	(756, 230382, 2303, '密山市'),
	(757, 2304, 23, '鹤岗'),
	(758, 230401, 2304, '市辖区'),
	(759, 230402, 2304, '向阳区'),
	(760, 230403, 2304, '工农区'),
	(761, 230404, 2304, '南山区'),
	(762, 230405, 2304, '兴安区'),
	(763, 230406, 2304, '东山区'),
	(764, 230407, 2304, '兴山区'),
	(765, 230421, 2304, '萝北县'),
	(766, 230422, 2304, '绥滨县'),
	(767, 2305, 23, '双鸭山'),
	(768, 230501, 2305, '市辖区'),
	(769, 230502, 2305, '尖山区'),
	(770, 230503, 2305, '岭东区'),
	(771, 230505, 2305, '四方台区'),
	(772, 230506, 2305, '宝山区'),
	(773, 230521, 2305, '集贤县'),
	(774, 230522, 2305, '友谊县'),
	(775, 230523, 2305, '宝清县'),
	(776, 230524, 2305, '饶河县'),
	(777, 2306, 23, '大庆'),
	(778, 230601, 2306, '市辖区'),
	(779, 230602, 2306, '萨尔图区'),
	(780, 230603, 2306, '龙凤区'),
	(781, 230604, 2306, '让胡路区'),
	(782, 230605, 2306, '红岗区'),
	(783, 230606, 2306, '大同区'),
	(784, 230621, 2306, '肇州县'),
	(785, 230622, 2306, '肇源县'),
	(786, 230623, 2306, '林甸县'),
	(787, 230624, 2306, '杜尔伯特蒙古族自治县'),
	(788, 2307, 23, '伊春'),
	(789, 230701, 2307, '市辖区'),
	(790, 230702, 2307, '伊春区'),
	(791, 230703, 2307, '南岔区'),
	(792, 230704, 2307, '友好区'),
	(793, 230705, 2307, '西林区'),
	(794, 230706, 2307, '翠峦区'),
	(795, 230707, 2307, '新青区'),
	(796, 230708, 2307, '美溪区'),
	(797, 230709, 2307, '金山屯区'),
	(798, 230710, 2307, '五营区'),
	(799, 230711, 2307, '乌马河区'),
	(800, 230712, 2307, '汤旺河区'),
	(801, 230713, 2307, '带岭区'),
	(802, 230714, 2307, '乌伊岭区'),
	(803, 230715, 2307, '红星区'),
	(804, 230716, 2307, '上甘岭区'),
	(805, 230722, 2307, '嘉荫县'),
	(806, 230781, 2307, '铁力市'),
	(807, 2308, 23, '佳木斯'),
	(808, 230801, 2308, '市辖区'),
	(809, 230802, 2308, '永红区'),
	(810, 230803, 2308, '向阳区'),
	(811, 230804, 2308, '前进区'),
	(812, 230805, 2308, '东风区'),
	(813, 230811, 2308, '郊 区'),
	(814, 230822, 2308, '桦南县'),
	(815, 230826, 2308, '桦川县'),
	(816, 230828, 2308, '汤原县'),
	(817, 230833, 2308, '抚远县'),
	(818, 230881, 2308, '同江市'),
	(819, 230882, 2308, '富锦市'),
	(820, 2309, 23, '七台河'),
	(821, 230901, 2309, '市辖区'),
	(822, 230902, 2309, '新兴区'),
	(823, 230903, 2309, '桃山区'),
	(824, 230904, 2309, '茄子河区'),
	(825, 230921, 2309, '勃利县'),
	(826, 2310, 23, '牡丹江'),
	(827, 231001, 2310, '市辖区'),
	(828, 231002, 2310, '东安区'),
	(829, 231003, 2310, '阳明区'),
	(830, 231004, 2310, '爱民区'),
	(831, 231005, 2310, '西安区'),
	(832, 231024, 2310, '东宁县'),
	(833, 231025, 2310, '林口县'),
	(834, 231081, 2310, '绥芬河市'),
	(835, 231083, 2310, '海林市'),
	(836, 231084, 2310, '宁安市'),
	(837, 231085, 2310, '穆棱市'),
	(838, 2311, 23, '黑河'),
	(839, 231101, 2311, '市辖区'),
	(840, 231102, 2311, '爱辉区'),
	(841, 231121, 2311, '嫩江县'),
	(842, 231123, 2311, '逊克县'),
	(843, 231124, 2311, '孙吴县'),
	(844, 231181, 2311, '北安市'),
	(845, 231182, 2311, '五大连池市'),
	(846, 2312, 23, '绥化'),
	(847, 231201, 2312, '市辖区'),
	(848, 231202, 2312, '北林区'),
	(849, 231221, 2312, '望奎县'),
	(850, 231222, 2312, '兰西县'),
	(851, 231223, 2312, '青冈县'),
	(852, 231224, 2312, '庆安县'),
	(853, 231225, 2312, '明水县'),
	(854, 231226, 2312, '绥棱县'),
	(855, 231281, 2312, '安达市'),
	(856, 231282, 2312, '肇东市'),
	(857, 231283, 2312, '海伦市'),
	(858, 2327, 23, '大兴安岭地区'),
	(859, 232721, 2327, '呼玛县'),
	(860, 232722, 2327, '塔河县'),
	(861, 232723, 2327, '漠河县'),
	(862, 31, 0, '上海'),
	(863, 3101, 31, '上海市辖'),
	(864, 310101, 3101, '黄浦区'),
	(865, 310103, 3101, '卢湾区'),
	(866, 310104, 3101, '徐汇区'),
	(867, 310105, 3101, '长宁区'),
	(868, 310106, 3101, '静安区'),
	(869, 310107, 3101, '普陀区'),
	(870, 310108, 3101, '闸北区'),
	(871, 310109, 3101, '虹口区'),
	(872, 310110, 3101, '杨浦区'),
	(873, 310112, 3101, '闵行区'),
	(874, 310113, 3101, '宝山区'),
	(875, 310114, 3101, '嘉定区'),
	(876, 310115, 3101, '浦东新区'),
	(877, 310116, 3101, '金山区'),
	(878, 310117, 3101, '松江区'),
	(879, 310118, 3101, '青浦区'),
	(880, 3102, 31, '上海县辖'),
	(881, 310225, 3102, '南汇县'),
	(882, 310226, 3102, '奉贤县'),
	(883, 310230, 3102, '崇明县'),
	(884, 32, 0, '江苏'),
	(885, 3201, 32, '南京'),
	(886, 320101, 3201, '市辖区'),
	(887, 320102, 3201, '玄武区'),
	(888, 320103, 3201, '白下区'),
	(889, 320104, 3201, '秦淮区'),
	(890, 320105, 3201, '建邺区'),
	(891, 320106, 3201, '鼓楼区'),
	(892, 320107, 3201, '下关区'),
	(893, 320111, 3201, '浦口区'),
	(894, 320112, 3201, '大厂区'),
	(895, 320113, 3201, '栖霞区'),
	(896, 320114, 3201, '雨花台区'),
	(897, 320115, 3201, '江宁区'),
	(898, 320122, 3201, '江浦县'),
	(899, 320123, 3201, '六合县'),
	(900, 320124, 3201, '溧水县'),
	(901, 320125, 3201, '高淳县'),
	(902, 3202, 32, '无锡'),
	(903, 320201, 3202, '市辖区'),
	(904, 320202, 3202, '崇安区'),
	(905, 320203, 3202, '南长区'),
	(906, 320204, 3202, '北塘区'),
	(907, 320205, 3202, '锡山区'),
	(908, 320206, 3202, '惠山区'),
	(909, 320211, 3202, '滨湖区'),
	(910, 320281, 3202, '江阴市'),
	(911, 320282, 3202, '宜兴市'),
	(912, 3203, 32, '徐州'),
	(913, 320301, 3203, '市辖区'),
	(914, 320302, 3203, '鼓楼区'),
	(915, 320303, 3203, '云龙区'),
	(916, 320304, 3203, '九里区'),
	(917, 320305, 3203, '贾汪区'),
	(918, 320311, 3203, '泉山区'),
	(919, 320321, 3203, '丰 县'),
	(920, 320322, 3203, '沛 县'),
	(921, 320323, 3203, '铜山县'),
	(922, 320324, 3203, '睢宁县'),
	(923, 320381, 3203, '新沂市'),
	(924, 320382, 3203, '邳州市'),
	(925, 3204, 32, '常州'),
	(926, 320401, 3204, '市辖区'),
	(927, 320402, 3204, '天宁区'),
	(928, 320404, 3204, '钟楼区'),
	(929, 320405, 3204, '戚墅堰区'),
	(930, 320411, 3204, '郊 区'),
	(931, 320481, 3204, '溧阳市'),
	(932, 320482, 3204, '金坛市'),
	(933, 320483, 3204, '武进市'),
	(934, 3205, 32, '苏州'),
	(935, 320501, 3205, '市辖区'),
	(936, 320502, 3205, '沧浪区'),
	(937, 320503, 3205, '平江区'),
	(938, 320504, 3205, '金阊区'),
	(939, 320505, 3205, '虎丘区'),
	(940, 320506, 3205, '吴中区'),
	(941, 320507, 3205, '相城区'),
	(942, 320581, 3205, '常熟市'),
	(943, 320582, 3205, '张家港市'),
	(944, 320583, 3205, '昆山市'),
	(945, 320584, 3205, '吴江市'),
	(946, 320585, 3205, '太仓市'),
	(947, 3206, 32, '南通'),
	(948, 320601, 3206, '市辖区'),
	(949, 320602, 3206, '崇川区'),
	(950, 320611, 3206, '港闸区'),
	(951, 320621, 3206, '海安县'),
	(952, 320623, 3206, '如东县'),
	(953, 320681, 3206, '启东市'),
	(954, 320682, 3206, '如皋市'),
	(955, 320683, 3206, '通州市'),
	(956, 320684, 3206, '海门市'),
	(957, 3207, 32, '连云港'),
	(958, 320701, 3207, '市辖区'),
	(959, 320703, 3207, '连云区'),
	(960, 320704, 3207, '云台区'),
	(961, 320705, 3207, '新浦区'),
	(962, 320706, 3207, '海州区'),
	(963, 320721, 3207, '赣榆县'),
	(964, 320722, 3207, '东海县'),
	(965, 320723, 3207, '灌云县'),
	(966, 320724, 3207, '灌南县'),
	(967, 3208, 32, '淮安'),
	(968, 320801, 3208, '市辖区'),
	(969, 320802, 3208, '清河区'),
	(970, 320803, 3208, '楚州区'),
	(971, 320804, 3208, '淮阴区'),
	(972, 320811, 3208, '清浦区'),
	(973, 320826, 3208, '涟水县'),
	(974, 320829, 3208, '洪泽县'),
	(975, 320830, 3208, '盱眙县'),
	(976, 320831, 3208, '金湖县'),
	(977, 3209, 32, '盐城'),
	(978, 320901, 3209, '市辖区'),
	(979, 320902, 3209, '城 区'),
	(980, 320921, 3209, '响水县'),
	(981, 320922, 3209, '滨海县'),
	(982, 320923, 3209, '阜宁县'),
	(983, 320924, 3209, '射阳县'),
	(984, 320925, 3209, '建湖县'),
	(985, 320928, 3209, '盐都县'),
	(986, 320981, 3209, '东台市'),
	(987, 320982, 3209, '大丰市'),
	(988, 3210, 32, '扬州'),
	(989, 321001, 3210, '市辖区'),
	(990, 321002, 3210, '广陵区'),
	(991, 321003, 3210, '邗江区'),
	(992, 321011, 3210, '郊 区'),
	(993, 321023, 3210, '宝应县'),
	(994, 321081, 3210, '仪征市'),
	(995, 321084, 3210, '高邮市'),
	(996, 321088, 3210, '江都市'),
	(997, 3211, 32, '镇江'),
	(998, 321101, 3211, '市辖区'),
	(999, 321102, 3211, '京口区'),
	(1000, 321111, 3211, '润州区'),
	(1001, 321121, 3211, '丹徒县'),
	(1002, 321181, 3211, '丹阳市'),
	(1003, 321182, 3211, '扬中市'),
	(1004, 321183, 3211, '句容市'),
	(1005, 3212, 32, '泰州'),
	(1006, 321201, 3212, '市辖区'),
	(1007, 321202, 3212, '海陵区'),
	(1008, 321203, 3212, '高港区'),
	(1009, 321281, 3212, '兴化市'),
	(1010, 321282, 3212, '靖江市'),
	(1011, 321283, 3212, '泰兴市'),
	(1012, 321284, 3212, '姜堰市'),
	(1013, 3213, 32, '宿迁'),
	(1014, 321301, 3213, '市辖区'),
	(1015, 321302, 3213, '宿城区'),
	(1016, 321321, 3213, '宿豫县'),
	(1017, 321322, 3213, '沭阳县'),
	(1018, 321323, 3213, '泗阳县'),
	(1019, 321324, 3213, '泗洪县'),
	(1020, 33, 0, '浙江'),
	(1021, 3301, 33, '杭州'),
	(1022, 330101, 3301, '市辖区'),
	(1023, 330102, 3301, '上城区'),
	(1024, 330103, 3301, '下城区'),
	(1025, 330104, 3301, '江干区'),
	(1026, 330105, 3301, '拱墅区'),
	(1027, 330106, 3301, '西湖区'),
	(1028, 330108, 3301, '滨江区'),
	(1029, 330122, 3301, '桐庐县'),
	(1030, 330127, 3301, '淳安县'),
	(1031, 330181, 3301, '萧山市'),
	(1032, 330182, 3301, '建德市'),
	(1033, 330183, 3301, '富阳市'),
	(1034, 330184, 3301, '余杭市'),
	(1035, 330185, 3301, '临安市'),
	(1036, 3302, 33, '宁波'),
	(1037, 330201, 3302, '市辖区'),
	(1038, 330203, 3302, '海曙区'),
	(1039, 330204, 3302, '江东区'),
	(1040, 330205, 3302, '江北区'),
	(1041, 330206, 3302, '北仑区'),
	(1042, 330211, 3302, '镇海区'),
	(1043, 330225, 3302, '象山县'),
	(1044, 330226, 3302, '宁海县'),
	(1045, 330227, 3302, '鄞 县'),
	(1046, 330281, 3302, '余姚市'),
	(1047, 330282, 3302, '慈溪市'),
	(1048, 330283, 3302, '奉化市'),
	(1049, 3303, 33, '温州'),
	(1050, 330301, 3303, '市辖区'),
	(1051, 330302, 3303, '鹿城区'),
	(1052, 330303, 3303, '龙湾区'),
	(1053, 330304, 3303, '瓯海区'),
	(1054, 330322, 3303, '洞头县'),
	(1055, 330324, 3303, '永嘉县'),
	(1056, 330326, 3303, '平阳县'),
	(1057, 330327, 3303, '苍南县'),
	(1058, 330328, 3303, '文成县'),
	(1059, 330329, 3303, '泰顺县'),
	(1060, 330381, 3303, '瑞安市'),
	(1061, 330382, 3303, '乐清市'),
	(1062, 3304, 33, '嘉兴'),
	(1063, 330401, 3304, '市辖区'),
	(1064, 330402, 3304, '秀城区'),
	(1065, 330411, 3304, '秀洲区'),
	(1066, 330421, 3304, '嘉善县'),
	(1067, 330424, 3304, '海盐县'),
	(1068, 330481, 3304, '海宁市'),
	(1069, 330482, 3304, '平湖市'),
	(1070, 330483, 3304, '桐乡市'),
	(1071, 3305, 33, '湖州'),
	(1072, 330501, 3305, '市辖区'),
	(1073, 330521, 3305, '德清县'),
	(1074, 330522, 3305, '长兴县'),
	(1075, 330523, 3305, '安吉县'),
	(1076, 3306, 33, '绍兴'),
	(1077, 330601, 3306, '市辖区'),
	(1078, 330602, 3306, '越城区'),
	(1079, 330621, 3306, '绍兴县'),
	(1080, 330624, 3306, '新昌县'),
	(1081, 330681, 3306, '诸暨市'),
	(1082, 330682, 3306, '上虞市'),
	(1083, 330683, 3306, '嵊州市'),
	(1084, 3307, 33, '金华'),
	(1085, 330701, 3307, '市辖区'),
	(1086, 330702, 3307, '婺城区'),
	(1087, 330703, 3307, '金东区'),
	(1088, 330723, 3307, '武义县'),
	(1089, 330726, 3307, '浦江县'),
	(1090, 330727, 3307, '磐安县'),
	(1091, 330781, 3307, '兰溪市'),
	(1092, 330782, 3307, '义乌市'),
	(1093, 330783, 3307, '东阳市'),
	(1094, 330784, 3307, '永康市'),
	(1095, 3308, 33, '衢州'),
	(1096, 330801, 3308, '市辖区'),
	(1097, 330802, 3308, '柯城区'),
	(1098, 330821, 3308, '衢 县'),
	(1099, 330822, 3308, '常山县'),
	(1100, 330824, 3308, '开化县'),
	(1101, 330825, 3308, '龙游县'),
	(1102, 330881, 3308, '江山市'),
	(1103, 3309, 33, '舟山'),
	(1104, 330901, 3309, '市辖区'),
	(1105, 330902, 3309, '定海区'),
	(1106, 330903, 3309, '普陀区'),
	(1107, 330921, 3309, '岱山县'),
	(1108, 330922, 3309, '嵊泗县'),
	(1109, 3310, 33, '台州'),
	(1110, 331001, 3310, '市辖区'),
	(1111, 331002, 3310, '椒江区'),
	(1112, 331003, 3310, '黄岩区'),
	(1113, 331004, 3310, '路桥区'),
	(1114, 331021, 3310, '玉环县'),
	(1115, 331022, 3310, '三门县'),
	(1116, 331023, 3310, '天台县'),
	(1117, 331024, 3310, '仙居县'),
	(1118, 331081, 3310, '温岭市'),
	(1119, 331082, 3310, '临海市'),
	(1120, 3311, 33, '丽水'),
	(1121, 331101, 3311, '市辖区'),
	(1122, 331102, 3311, '莲都区'),
	(1123, 331121, 3311, '青田县'),
	(1124, 331122, 3311, '缙云县'),
	(1125, 331123, 3311, '遂昌县'),
	(1126, 331124, 3311, '松阳县'),
	(1127, 331125, 3311, '云和县'),
	(1128, 331126, 3311, '庆元县'),
	(1129, 331127, 3311, '景宁畲族自治县'),
	(1130, 331181, 3311, '龙泉市'),
	(1131, 34, 0, '安徽'),
	(1132, 3401, 34, '合肥'),
	(1133, 340101, 3401, '市辖区'),
	(1134, 340102, 3401, '东市区'),
	(1135, 340103, 3401, '中市区'),
	(1136, 340104, 3401, '西市区'),
	(1137, 340111, 3401, '郊 区'),
	(1138, 340121, 3401, '长丰县'),
	(1139, 340122, 3401, '肥东县'),
	(1140, 340123, 3401, '肥西县'),
	(1141, 3402, 34, '芜湖'),
	(1142, 340201, 3402, '市辖区'),
	(1143, 340202, 3402, '镜湖区'),
	(1144, 340203, 3402, '马塘区'),
	(1145, 340204, 3402, '新芜区'),
	(1146, 340207, 3402, '鸠江区'),
	(1147, 340221, 3402, '芜湖县'),
	(1148, 340222, 3402, '繁昌县'),
	(1149, 340223, 3402, '南陵县'),
	(1150, 3403, 34, '蚌埠'),
	(1151, 340301, 3403, '市辖区'),
	(1152, 340302, 3403, '东市区'),
	(1153, 340303, 3403, '中市区'),
	(1154, 340304, 3403, '西市区'),
	(1155, 340311, 3403, '郊 区'),
	(1156, 340321, 3403, '怀远县'),
	(1157, 340322, 3403, '五河县'),
	(1158, 340323, 3403, '固镇县'),
	(1159, 3404, 34, '淮南'),
	(1160, 340401, 3404, '市辖区'),
	(1161, 340402, 3404, '大通区'),
	(1162, 340403, 3404, '田家庵区'),
	(1163, 340404, 3404, '谢家集区'),
	(1164, 340405, 3404, '八公山区'),
	(1165, 340406, 3404, '潘集区'),
	(1166, 340421, 3404, '凤台县'),
	(1167, 3405, 34, '马鞍山'),
	(1168, 340501, 3405, '市辖区'),
	(1169, 340502, 3405, '金家庄区'),
	(1170, 340503, 3405, '花山区'),
	(1171, 340504, 3405, '雨山区'),
	(1172, 340505, 3405, '向山区'),
	(1173, 340521, 3405, '当涂县'),
	(1174, 3406, 34, '淮北'),
	(1175, 340601, 3406, '市辖区'),
	(1176, 340602, 3406, '杜集区'),
	(1177, 340603, 3406, '相山区'),
	(1178, 340604, 3406, '烈山区'),
	(1179, 340621, 3406, '濉溪县'),
	(1180, 3407, 34, '铜陵'),
	(1181, 340701, 3407, '市辖区'),
	(1182, 340702, 3407, '铜官山区'),
	(1183, 340703, 3407, '狮子山区'),
	(1184, 340711, 3407, '郊 区'),
	(1185, 340721, 3407, '铜陵县'),
	(1186, 3408, 34, '安庆'),
	(1187, 340801, 3408, '市辖区'),
	(1188, 340802, 3408, '迎江区'),
	(1189, 340803, 3408, '大观区'),
	(1190, 340811, 3408, '郊 区'),
	(1191, 340822, 3408, '怀宁县'),
	(1192, 340823, 3408, '枞阳县'),
	(1193, 340824, 3408, '潜山县'),
	(1194, 340825, 3408, '太湖县'),
	(1195, 340826, 3408, '宿松县'),
	(1196, 340827, 3408, '望江县'),
	(1197, 340828, 3408, '岳西县'),
	(1198, 340881, 3408, '桐城市'),
	(1199, 3410, 34, '黄山'),
	(1200, 341001, 3410, '市辖区'),
	(1201, 341002, 3410, '屯溪区'),
	(1202, 341003, 3410, '黄山区'),
	(1203, 341004, 3410, '徽州区'),
	(1204, 341021, 3410, '歙 县'),
	(1205, 341022, 3410, '休宁县'),
	(1206, 341023, 3410, '黟 县'),
	(1207, 341024, 3410, '祁门县'),
	(1208, 3411, 34, '滁州'),
	(1209, 341101, 3411, '市辖区'),
	(1210, 341102, 3411, '琅琊区'),
	(1211, 341103, 3411, '南谯区'),
	(1212, 341122, 3411, '来安县'),
	(1213, 341124, 3411, '全椒县'),
	(1214, 341125, 3411, '定远县'),
	(1215, 341126, 3411, '凤阳县'),
	(1216, 341181, 3411, '天长市'),
	(1217, 341182, 3411, '明光市'),
	(1218, 3412, 34, '阜阳'),
	(1219, 341201, 3412, '市辖区'),
	(1220, 341202, 3412, '颍州区'),
	(1221, 341203, 3412, '颍东区'),
	(1222, 341204, 3412, '颍泉区'),
	(1223, 341221, 3412, '临泉县'),
	(1224, 341222, 3412, '太和县'),
	(1225, 341225, 3412, '阜南县'),
	(1226, 341226, 3412, '颍上县'),
	(1227, 341282, 3412, '界首市'),
	(1228, 3413, 34, '宿州'),
	(1229, 341301, 3413, '市辖区'),
	(1230, 341302, 3413, '墉桥区'),
	(1231, 341321, 3413, '砀山县'),
	(1232, 341322, 3413, '萧 县'),
	(1233, 341323, 3413, '灵璧县'),
	(1234, 341324, 3413, '泗 县'),
	(1235, 3414, 34, '巢湖'),
	(1236, 341401, 3414, '市辖区'),
	(1237, 341402, 3414, '居巢区'),
	(1238, 341421, 3414, '庐江县'),
	(1239, 341422, 3414, '无为县'),
	(1240, 341423, 3414, '含山县'),
	(1241, 341424, 3414, '和 县'),
	(1242, 3415, 34, '六安'),
	(1243, 341501, 3415, '市辖区'),
	(1244, 341502, 3415, '金安区'),
	(1245, 341503, 3415, '裕安区'),
	(1246, 341521, 3415, '寿 县'),
	(1247, 341522, 3415, '霍邱县'),
	(1248, 341523, 3415, '舒城县'),
	(1249, 341524, 3415, '金寨县'),
	(1250, 341525, 3415, '霍山县'),
	(1251, 3416, 34, '亳州'),
	(1252, 341601, 3416, '市辖区'),
	(1253, 341602, 3416, '谯城区'),
	(1254, 341621, 3416, '涡阳县'),
	(1255, 341622, 3416, '蒙城县'),
	(1256, 341623, 3416, '利辛县'),
	(1257, 3417, 34, '池州'),
	(1258, 341701, 3417, '市辖区'),
	(1259, 341702, 3417, '贵池区'),
	(1260, 341721, 3417, '东至县'),
	(1261, 341722, 3417, '石台县'),
	(1262, 341723, 3417, '青阳县'),
	(1263, 3418, 34, '宣城'),
	(1264, 341801, 3418, '市辖区'),
	(1265, 341802, 3418, '宣州区'),
	(1266, 341821, 3418, '郎溪县'),
	(1267, 341822, 3418, '广德县'),
	(1268, 341823, 3418, '泾 县'),
	(1269, 341824, 3418, '绩溪县'),
	(1270, 341825, 3418, '旌德县'),
	(1271, 341881, 3418, '宁国市'),
	(1272, 35, 0, '福建'),
	(1273, 3501, 35, '福州'),
	(1274, 350101, 3501, '市辖区'),
	(1275, 350102, 3501, '鼓楼区'),
	(1276, 350103, 3501, '台江区'),
	(1277, 350104, 3501, '仓山区'),
	(1278, 350105, 3501, '马尾区'),
	(1279, 350111, 3501, '晋安区'),
	(1280, 350121, 3501, '闽侯县'),
	(1281, 350122, 3501, '连江县'),
	(1282, 350123, 3501, '罗源县'),
	(1283, 350124, 3501, '闽清县'),
	(1284, 350125, 3501, '永泰县'),
	(1285, 350128, 3501, '平潭县'),
	(1286, 350181, 3501, '福清市'),
	(1287, 350182, 3501, '长乐市'),
	(1288, 3502, 35, '厦门'),
	(1289, 350201, 3502, '市辖区'),
	(1290, 350202, 3502, '鼓浪屿区'),
	(1291, 350203, 3502, '思明区'),
	(1292, 350204, 3502, '开元区'),
	(1293, 350205, 3502, '杏林区'),
	(1294, 350206, 3502, '湖里区'),
	(1295, 350211, 3502, '集美区'),
	(1296, 350212, 3502, '同安区'),
	(1297, 3503, 35, '莆田'),
	(1298, 350301, 3503, '市辖区'),
	(1299, 350302, 3503, '城厢区'),
	(1300, 350303, 3503, '涵江区'),
	(1301, 350321, 3503, '莆田县'),
	(1302, 350322, 3503, '仙游县'),
	(1303, 3504, 35, '三明'),
	(1304, 350401, 3504, '市辖区'),
	(1305, 350402, 3504, '梅列区'),
	(1306, 350403, 3504, '三元区'),
	(1307, 350421, 3504, '明溪县'),
	(1308, 350423, 3504, '清流县'),
	(1309, 350424, 3504, '宁化县'),
	(1310, 350425, 3504, '大田县'),
	(1311, 350426, 3504, '尤溪县'),
	(1312, 350427, 3504, '沙 县'),
	(1313, 350428, 3504, '将乐县'),
	(1314, 350429, 3504, '泰宁县'),
	(1315, 350430, 3504, '建宁县'),
	(1316, 350481, 3504, '永安市'),
	(1317, 3505, 35, '泉州'),
	(1318, 350501, 3505, '市辖区'),
	(1319, 350502, 3505, '鲤城区'),
	(1320, 350503, 3505, '丰泽区'),
	(1321, 350504, 3505, '洛江区'),
	(1322, 350505, 3505, '泉港区'),
	(1323, 350521, 3505, '惠安县'),
	(1324, 350524, 3505, '安溪县'),
	(1325, 350525, 3505, '永春县'),
	(1326, 350526, 3505, '德化县'),
	(1327, 350527, 3505, '金门县'),
	(1328, 350581, 3505, '石狮市'),
	(1329, 350582, 3505, '晋江市'),
	(1330, 350583, 3505, '南安市'),
	(1331, 3506, 35, '漳州'),
	(1332, 350601, 3506, '市辖区'),
	(1333, 350602, 3506, '芗城区'),
	(1334, 350603, 3506, '龙文区'),
	(1335, 350622, 3506, '云霄县'),
	(1336, 350623, 3506, '漳浦县'),
	(1337, 350624, 3506, '诏安县'),
	(1338, 350625, 3506, '长泰县'),
	(1339, 350626, 3506, '东山县'),
	(1340, 350627, 3506, '南靖县'),
	(1341, 350628, 3506, '平和县'),
	(1342, 350629, 3506, '华安县'),
	(1343, 350681, 3506, '龙海市'),
	(1344, 3507, 35, '南平'),
	(1345, 350701, 3507, '市辖区'),
	(1346, 350702, 3507, '延平区'),
	(1347, 350721, 3507, '顺昌县'),
	(1348, 350722, 3507, '浦城县'),
	(1349, 350723, 3507, '光泽县'),
	(1350, 350724, 3507, '松溪县'),
	(1351, 350725, 3507, '政和县'),
	(1352, 350781, 3507, '邵武市'),
	(1353, 350782, 3507, '武夷山市'),
	(1354, 350783, 3507, '建瓯市'),
	(1355, 350784, 3507, '建阳市'),
	(1356, 3508, 35, '龙岩'),
	(1357, 350801, 3508, '市辖区'),
	(1358, 350802, 3508, '新罗区'),
	(1359, 350821, 3508, '长汀县'),
	(1360, 350822, 3508, '永定县'),
	(1361, 350823, 3508, '上杭县'),
	(1362, 350824, 3508, '武平县'),
	(1363, 350825, 3508, '连城县'),
	(1364, 350881, 3508, '漳平市'),
	(1365, 3509, 35, '宁德'),
	(1366, 350901, 3509, '市辖区'),
	(1367, 350902, 3509, '蕉城区'),
	(1368, 350921, 3509, '霞浦县'),
	(1369, 350922, 3509, '古田县'),
	(1370, 350923, 3509, '屏南县'),
	(1371, 350924, 3509, '寿宁县'),
	(1372, 350925, 3509, '周宁县'),
	(1373, 350926, 3509, '柘荣县'),
	(1374, 350981, 3509, '福安市'),
	(1375, 350982, 3509, '福鼎市'),
	(1376, 36, 0, '江西'),
	(1377, 3601, 36, '南昌'),
	(1378, 360101, 3601, '市辖区'),
	(1379, 360102, 3601, '东湖区'),
	(1380, 360103, 3601, '西湖区'),
	(1381, 360104, 3601, '青云谱区'),
	(1382, 360105, 3601, '湾里区'),
	(1383, 360111, 3601, '郊 区'),
	(1384, 360121, 3601, '南昌县'),
	(1385, 360122, 3601, '新建县'),
	(1386, 360123, 3601, '安义县'),
	(1387, 360124, 3601, '进贤县'),
	(1388, 3602, 36, '景德镇'),
	(1389, 360201, 3602, '市辖区'),
	(1390, 360202, 3602, '昌江区'),
	(1391, 360203, 3602, '珠山区'),
	(1392, 360222, 3602, '浮梁县'),
	(1393, 360281, 3602, '乐平市'),
	(1394, 3603, 36, '萍乡'),
	(1395, 360301, 3603, '市辖区'),
	(1396, 360302, 3603, '安源区'),
	(1397, 360313, 3603, '湘东区'),
	(1398, 360321, 3603, '莲花县'),
	(1399, 360322, 3603, '上栗县'),
	(1400, 360323, 3603, '芦溪县'),
	(1401, 3604, 36, '九江'),
	(1402, 360401, 3604, '市辖区'),
	(1403, 360402, 3604, '庐山区'),
	(1404, 360403, 3604, '浔阳区'),
	(1405, 360421, 3604, '九江县'),
	(1406, 360423, 3604, '武宁县'),
	(1407, 360424, 3604, '修水县'),
	(1408, 360425, 3604, '永修县'),
	(1409, 360426, 3604, '德安县'),
	(1410, 360427, 3604, '星子县'),
	(1411, 360428, 3604, '都昌县'),
	(1412, 360429, 3604, '湖口县'),
	(1413, 360430, 3604, '彭泽县'),
	(1414, 360481, 3604, '瑞昌市'),
	(1415, 3605, 36, '新余'),
	(1416, 360501, 3605, '市辖区'),
	(1417, 360502, 3605, '渝水区'),
	(1418, 360521, 3605, '分宜县'),
	(1419, 3606, 36, '鹰潭'),
	(1420, 360601, 3606, '市辖区'),
	(1421, 360602, 3606, '月湖区'),
	(1422, 360622, 3606, '余江县'),
	(1423, 360681, 3606, '贵溪市'),
	(1424, 3607, 36, '赣州'),
	(1425, 360701, 3607, '市辖区'),
	(1426, 360702, 3607, '章贡区'),
	(1427, 360721, 3607, '赣 县'),
	(1428, 360722, 3607, '信丰县'),
	(1429, 360723, 3607, '大余县'),
	(1430, 360724, 3607, '上犹县'),
	(1431, 360725, 3607, '崇义县'),
	(1432, 360726, 3607, '安远县'),
	(1433, 360727, 3607, '龙南县'),
	(1434, 360728, 3607, '定南县'),
	(1435, 360729, 3607, '全南县'),
	(1436, 360730, 3607, '宁都县'),
	(1437, 360731, 3607, '于都县'),
	(1438, 360732, 3607, '兴国县'),
	(1439, 360733, 3607, '会昌县'),
	(1440, 360734, 3607, '寻乌县'),
	(1441, 360735, 3607, '石城县'),
	(1442, 360781, 3607, '瑞金市'),
	(1443, 360782, 3607, '南康市'),
	(1444, 3608, 36, '吉安'),
	(1445, 360801, 3608, '市辖区'),
	(1446, 360802, 3608, '吉州区'),
	(1447, 360803, 3608, '青原区'),
	(1448, 360821, 3608, '吉安县'),
	(1449, 360822, 3608, '吉水县'),
	(1450, 360823, 3608, '峡江县'),
	(1451, 360824, 3608, '新干县'),
	(1452, 360825, 3608, '永丰县'),
	(1453, 360826, 3608, '泰和县'),
	(1454, 360827, 3608, '遂川县'),
	(1455, 360828, 3608, '万安县'),
	(1456, 360829, 3608, '安福县'),
	(1457, 360830, 3608, '永新县'),
	(1458, 360881, 3608, '井冈山市'),
	(1459, 3609, 36, '宜春'),
	(1460, 360901, 3609, '市辖区'),
	(1461, 360902, 3609, '袁州区'),
	(1462, 360921, 3609, '奉新县'),
	(1463, 360922, 3609, '万载县'),
	(1464, 360923, 3609, '上高县'),
	(1465, 360924, 3609, '宜丰县'),
	(1466, 360925, 3609, '靖安县'),
	(1467, 360926, 3609, '铜鼓县'),
	(1468, 360981, 3609, '丰城市'),
	(1469, 360982, 3609, '樟树市'),
	(1470, 360983, 3609, '高安市'),
	(1471, 3610, 36, '抚州'),
	(1472, 361001, 3610, '市辖区'),
	(1473, 361002, 3610, '临川区'),
	(1474, 361021, 3610, '南城县'),
	(1475, 361022, 3610, '黎川县'),
	(1476, 361023, 3610, '南丰县'),
	(1477, 361024, 3610, '崇仁县'),
	(1478, 361025, 3610, '乐安县'),
	(1479, 361026, 3610, '宜黄县'),
	(1480, 361027, 3610, '金溪县'),
	(1481, 361028, 3610, '资溪县'),
	(1482, 361029, 3610, '东乡县'),
	(1483, 361030, 3610, '广昌县'),
	(1484, 3611, 36, '上饶'),
	(1485, 361101, 3611, '市辖区'),
	(1486, 361102, 3611, '信州区'),
	(1487, 361121, 3611, '上饶县'),
	(1488, 361122, 3611, '广丰县'),
	(1489, 361123, 3611, '玉山县'),
	(1490, 361124, 3611, '铅山县'),
	(1491, 361125, 3611, '横峰县'),
	(1492, 361126, 3611, '弋阳县'),
	(1493, 361127, 3611, '余干县'),
	(1494, 361128, 3611, '波阳县'),
	(1495, 361129, 3611, '万年县'),
	(1496, 361130, 3611, '婺源县'),
	(1497, 361181, 3611, '德兴市'),
	(1498, 37, 0, '山东'),
	(1499, 3701, 37, '济南'),
	(1500, 370101, 3701, '市辖区'),
	(1501, 370102, 3701, '历下区'),
	(1502, 370103, 3701, '市中区'),
	(1503, 370104, 3701, '槐荫区'),
	(1504, 370105, 3701, '天桥区'),
	(1505, 370112, 3701, '历城区'),
	(1506, 370123, 3701, '长清县'),
	(1507, 370124, 3701, '平阴县'),
	(1508, 370125, 3701, '济阳县'),
	(1509, 370126, 3701, '商河县'),
	(1510, 370181, 3701, '章丘市'),
	(1511, 3702, 37, '青岛'),
	(1512, 370201, 3702, '市辖区'),
	(1513, 370202, 3702, '市南区'),
	(1514, 370203, 3702, '市北区'),
	(1515, 370205, 3702, '四方区'),
	(1516, 370211, 3702, '黄岛区'),
	(1517, 370212, 3702, '崂山区'),
	(1518, 370213, 3702, '李沧区'),
	(1519, 370214, 3702, '城阳区'),
	(1520, 370281, 3702, '胶州市'),
	(1521, 370282, 3702, '即墨市'),
	(1522, 370283, 3702, '平度市'),
	(1523, 370284, 3702, '胶南市'),
	(1524, 370285, 3702, '莱西市'),
	(1525, 3703, 37, '淄博'),
	(1526, 370301, 3703, '市辖区'),
	(1527, 370302, 3703, '淄川区'),
	(1528, 370303, 3703, '张店区'),
	(1529, 370304, 3703, '博山区'),
	(1530, 370305, 3703, '临淄区'),
	(1531, 370306, 3703, '周村区'),
	(1532, 370321, 3703, '桓台县'),
	(1533, 370322, 3703, '高青县'),
	(1534, 370323, 3703, '沂源县'),
	(1535, 3704, 37, '枣庄'),
	(1536, 370401, 3704, '市辖区'),
	(1537, 370402, 3704, '市中区'),
	(1538, 370403, 3704, '薛城区'),
	(1539, 370404, 3704, '峄城区'),
	(1540, 370405, 3704, '台儿庄区'),
	(1541, 370406, 3704, '山亭区'),
	(1542, 370481, 3704, '滕州市'),
	(1543, 3705, 37, '东营'),
	(1544, 370501, 3705, '市辖区'),
	(1545, 370502, 3705, '东营区'),
	(1546, 370503, 3705, '河口区'),
	(1547, 370521, 3705, '垦利县'),
	(1548, 370522, 3705, '利津县'),
	(1549, 370523, 3705, '广饶县'),
	(1550, 3706, 37, '烟台'),
	(1551, 370601, 3706, '市辖区'),
	(1552, 370602, 3706, '芝罘区'),
	(1553, 370611, 3706, '福山区'),
	(1554, 370612, 3706, '牟平区'),
	(1555, 370613, 3706, '莱山区'),
	(1556, 370634, 3706, '长岛县'),
	(1557, 370681, 3706, '龙口市'),
	(1558, 370682, 3706, '莱阳市'),
	(1559, 370683, 3706, '莱州市'),
	(1560, 370684, 3706, '蓬莱市'),
	(1561, 370685, 3706, '招远市'),
	(1562, 370686, 3706, '栖霞市'),
	(1563, 370687, 3706, '海阳市'),
	(1564, 3707, 37, '潍坊'),
	(1565, 370701, 3707, '市辖区'),
	(1566, 370702, 3707, '潍城区'),
	(1567, 370703, 3707, '寒亭区'),
	(1568, 370704, 3707, '坊子区'),
	(1569, 370705, 3707, '奎文区'),
	(1570, 370724, 3707, '临朐县'),
	(1571, 370725, 3707, '昌乐县'),
	(1572, 370781, 3707, '青州市'),
	(1573, 370782, 3707, '诸城市'),
	(1574, 370783, 3707, '寿光市'),
	(1575, 370784, 3707, '安丘市'),
	(1576, 370785, 3707, '高密市'),
	(1577, 370786, 3707, '昌邑市'),
	(1578, 3708, 37, '济宁'),
	(1579, 370801, 3708, '市辖区'),
	(1580, 370802, 3708, '市中区'),
	(1581, 370811, 3708, '任城区'),
	(1582, 370826, 3708, '微山县'),
	(1583, 370827, 3708, '鱼台县'),
	(1584, 370828, 3708, '金乡县'),
	(1585, 370829, 3708, '嘉祥县'),
	(1586, 370830, 3708, '汶上县'),
	(1587, 370831, 3708, '泗水县'),
	(1588, 370832, 3708, '梁山县'),
	(1589, 370881, 3708, '曲阜市'),
	(1590, 370882, 3708, '兖州市'),
	(1591, 370883, 3708, '邹城市'),
	(1592, 3709, 37, '泰安'),
	(1593, 370901, 3709, '市辖区'),
	(1594, 370902, 3709, '泰山区'),
	(1595, 370903, 3709, '岱岳区'),
	(1596, 370921, 3709, '宁阳县'),
	(1597, 370923, 3709, '东平县'),
	(1598, 370982, 3709, '新泰市'),
	(1599, 370983, 3709, '肥城市'),
	(1600, 3710, 37, '威海'),
	(1601, 371001, 3710, '市辖区'),
	(1602, 371002, 3710, '环翠区'),
	(1603, 371081, 3710, '文登市'),
	(1604, 371082, 3710, '荣成市'),
	(1605, 371083, 3710, '乳山市'),
	(1606, 3711, 37, '日照'),
	(1607, 371101, 3711, '市辖区'),
	(1608, 371102, 3711, '东港区'),
	(1609, 371121, 3711, '五莲县'),
	(1610, 371122, 3711, '莒 县'),
	(1611, 3712, 37, '莱芜'),
	(1612, 371201, 3712, '市辖区'),
	(1613, 371202, 3712, '莱城区'),
	(1614, 371203, 3712, '钢城区'),
	(1615, 3713, 37, '临沂'),
	(1616, 371301, 3713, '市辖区'),
	(1617, 371302, 3713, '兰山区'),
	(1618, 371311, 3713, '罗庄区'),
	(1619, 371312, 3713, '河东区'),
	(1620, 371321, 3713, '沂南县'),
	(1621, 371322, 3713, '郯城县'),
	(1622, 371323, 3713, '沂水县'),
	(1623, 371324, 3713, '苍山县'),
	(1624, 371325, 3713, '费 县'),
	(1625, 371326, 3713, '平邑县'),
	(1626, 371327, 3713, '莒南县'),
	(1627, 371328, 3713, '蒙阴县'),
	(1628, 371329, 3713, '临沭县'),
	(1629, 3714, 37, '德州'),
	(1630, 371401, 3714, '市辖区'),
	(1631, 371402, 3714, '德城区'),
	(1632, 371421, 3714, '陵 县'),
	(1633, 371422, 3714, '宁津县'),
	(1634, 371423, 3714, '庆云县'),
	(1635, 371424, 3714, '临邑县'),
	(1636, 371425, 3714, '齐河县'),
	(1637, 371426, 3714, '平原县'),
	(1638, 371427, 3714, '夏津县'),
	(1639, 371428, 3714, '武城县'),
	(1640, 371481, 3714, '乐陵市'),
	(1641, 371482, 3714, '禹城市'),
	(1642, 3715, 37, '聊城'),
	(1643, 371501, 3715, '市辖区'),
	(1644, 371502, 3715, '东昌府区'),
	(1645, 371521, 3715, '阳谷县'),
	(1646, 371522, 3715, '莘 县'),
	(1647, 371523, 3715, '茌平县'),
	(1648, 371524, 3715, '东阿县'),
	(1649, 371525, 3715, '冠 县'),
	(1650, 371526, 3715, '高唐县'),
	(1651, 371581, 3715, '临清市'),
	(1652, 3716, 37, '滨州'),
	(1653, 371601, 3716, '市辖区'),
	(1654, 371603, 3716, '滨城区'),
	(1655, 371621, 3716, '惠民县'),
	(1656, 371622, 3716, '阳信县'),
	(1657, 371623, 3716, '无棣县'),
	(1658, 371624, 3716, '沾化县'),
	(1659, 371625, 3716, '博兴县'),
	(1660, 371626, 3716, '邹平县'),
	(1661, 3717, 37, '菏泽'),
	(1662, 371701, 3717, '市辖区'),
	(1663, 371702, 3717, '牡丹区'),
	(1664, 371721, 3717, '曹 县'),
	(1665, 371722, 3717, '单 县'),
	(1666, 371723, 3717, '成武县'),
	(1667, 371724, 3717, '巨野县'),
	(1668, 371725, 3717, '郓城县'),
	(1669, 371726, 3717, '鄄城县'),
	(1670, 371727, 3717, '定陶县'),
	(1671, 371728, 3717, '东明县'),
	(1672, 41, 0, '河南'),
	(1673, 4101, 41, '郑州'),
	(1674, 410101, 4101, '市辖区'),
	(1675, 410102, 4101, '中原区'),
	(1676, 410103, 4101, '二七区'),
	(1677, 410104, 4101, '管城回族区'),
	(1678, 410105, 4101, '金水区'),
	(1679, 410106, 4101, '上街区'),
	(1680, 410108, 4101, '邙山区'),
	(1681, 410122, 4101, '中牟县'),
	(1682, 410181, 4101, '巩义市'),
	(1683, 410182, 4101, '荥阳市'),
	(1684, 410183, 4101, '新密市'),
	(1685, 410184, 4101, '新郑市'),
	(1686, 410185, 4101, '登封市'),
	(1687, 4102, 41, '开封'),
	(1688, 410201, 4102, '市辖区'),
	(1689, 410202, 4102, '龙亭区'),
	(1690, 410203, 4102, '顺河回族区'),
	(1691, 410204, 4102, '鼓楼区'),
	(1692, 410205, 4102, '南关区'),
	(1693, 410211, 4102, '郊 区'),
	(1694, 410221, 4102, '杞 县'),
	(1695, 410222, 4102, '通许县'),
	(1696, 410223, 4102, '尉氏县'),
	(1697, 410224, 4102, '开封县'),
	(1698, 410225, 4102, '兰考县'),
	(1699, 4103, 41, '洛阳'),
	(1700, 410301, 4103, '市辖区'),
	(1701, 410302, 4103, '老城区'),
	(1702, 410303, 4103, '西工区'),
	(1703, 410304, 4103, '廛河回族区'),
	(1704, 410305, 4103, '涧西区'),
	(1705, 410306, 4103, '吉利区'),
	(1706, 410307, 4103, '洛龙区'),
	(1707, 410322, 4103, '孟津县'),
	(1708, 410323, 4103, '新安县'),
	(1709, 410324, 4103, '栾川县'),
	(1710, 410325, 4103, '嵩 县'),
	(1711, 410326, 4103, '汝阳县'),
	(1712, 410327, 4103, '宜阳县'),
	(1713, 410328, 4103, '洛宁县'),
	(1714, 410329, 4103, '伊川县'),
	(1715, 410381, 4103, '偃师市'),
	(1716, 4104, 41, '平顶山'),
	(1717, 410401, 4104, '市辖区'),
	(1718, 410402, 4104, '新华区'),
	(1719, 410403, 4104, '卫东区'),
	(1720, 410404, 4104, '石龙区'),
	(1721, 410411, 4104, '湛河区'),
	(1722, 410421, 4104, '宝丰县'),
	(1723, 410422, 4104, '叶 县'),
	(1724, 410423, 4104, '鲁山县'),
	(1725, 410425, 4104, '郏 县'),
	(1726, 410481, 4104, '舞钢市'),
	(1727, 410482, 4104, '汝州市'),
	(1728, 4105, 41, '安阳'),
	(1729, 410501, 4105, '市辖区'),
	(1730, 410502, 4105, '文峰区'),
	(1731, 410503, 4105, '北关区'),
	(1732, 410504, 4105, '铁西区'),
	(1733, 410511, 4105, '郊 区'),
	(1734, 410522, 4105, '安阳县'),
	(1735, 410523, 4105, '汤阴县'),
	(1736, 410526, 4105, '滑 县'),
	(1737, 410527, 4105, '内黄县'),
	(1738, 410581, 4105, '林州市'),
	(1739, 4106, 41, '鹤壁'),
	(1740, 410601, 4106, '市辖区'),
	(1741, 410602, 4106, '鹤山区'),
	(1742, 410603, 4106, '山城区'),
	(1743, 410611, 4106, '郊 区'),
	(1744, 410621, 4106, '浚 县'),
	(1745, 410622, 4106, '淇 县'),
	(1746, 4107, 41, '新乡'),
	(1747, 410701, 4107, '市辖区'),
	(1748, 410702, 4107, '红旗区'),
	(1749, 410703, 4107, '新华区'),
	(1750, 410704, 4107, '北站区'),
	(1751, 410711, 4107, '郊 区'),
	(1752, 410721, 4107, '新乡县'),
	(1753, 410724, 4107, '获嘉县'),
	(1754, 410725, 4107, '原阳县'),
	(1755, 410726, 4107, '延津县'),
	(1756, 410727, 4107, '封丘县'),
	(1757, 410728, 4107, '长垣县'),
	(1758, 410781, 4107, '卫辉市'),
	(1759, 410782, 4107, '辉县市'),
	(1760, 4108, 41, '焦作'),
	(1761, 410801, 4108, '市辖区'),
	(1762, 410802, 4108, '解放区'),
	(1763, 410803, 4108, '中站区'),
	(1764, 410804, 4108, '马村区'),
	(1765, 410811, 4108, '山阳区'),
	(1766, 410821, 4108, '修武县'),
	(1767, 410822, 4108, '博爱县'),
	(1768, 410823, 4108, '武陟县'),
	(1769, 410825, 4108, '温 县'),
	(1770, 410881, 4108, '济源市'),
	(1771, 410882, 4108, '沁阳市'),
	(1772, 410883, 4108, '孟州市'),
	(1773, 4109, 41, '濮阳'),
	(1774, 410901, 4109, '市辖区'),
	(1775, 410902, 4109, '市 区'),
	(1776, 410922, 4109, '清丰县'),
	(1777, 410923, 4109, '南乐县'),
	(1778, 410926, 4109, '范 县'),
	(1779, 410927, 4109, '台前县'),
	(1780, 410928, 4109, '濮阳县'),
	(1781, 4110, 41, '许昌'),
	(1782, 411001, 4110, '市辖区'),
	(1783, 411002, 4110, '魏都区'),
	(1784, 411023, 4110, '许昌县'),
	(1785, 411024, 4110, '鄢陵县'),
	(1786, 411025, 4110, '襄城县'),
	(1787, 411081, 4110, '禹州市'),
	(1788, 411082, 4110, '长葛市'),
	(1789, 4111, 41, '漯河'),
	(1790, 411101, 4111, '市辖区'),
	(1791, 411102, 4111, '源汇区'),
	(1792, 411121, 4111, '舞阳县'),
	(1793, 411122, 4111, '临颍县'),
	(1794, 411123, 4111, '郾城县'),
	(1795, 4112, 41, '三门峡'),
	(1796, 411201, 4112, '市辖区'),
	(1797, 411202, 4112, '湖滨区'),
	(1798, 411221, 4112, '渑池县'),
	(1799, 411222, 4112, '陕 县'),
	(1800, 411224, 4112, '卢氏县'),
	(1801, 411281, 4112, '义马市'),
	(1802, 411282, 4112, '灵宝市'),
	(1803, 4113, 41, '南阳'),
	(1804, 411301, 4113, '市辖区'),
	(1805, 411302, 4113, '宛城区'),
	(1806, 411303, 4113, '卧龙区'),
	(1807, 411321, 4113, '南召县'),
	(1808, 411322, 4113, '方城县'),
	(1809, 411323, 4113, '西峡县'),
	(1810, 411324, 4113, '镇平县'),
	(1811, 411325, 4113, '内乡县'),
	(1812, 411326, 4113, '淅川县'),
	(1813, 411327, 4113, '社旗县'),
	(1814, 411328, 4113, '唐河县'),
	(1815, 411329, 4113, '新野县'),
	(1816, 411330, 4113, '桐柏县'),
	(1817, 411381, 4113, '邓州市'),
	(1818, 4114, 41, '商丘'),
	(1819, 411401, 4114, '市辖区'),
	(1820, 411402, 4114, '梁园区'),
	(1821, 411403, 4114, '睢阳区'),
	(1822, 411421, 4114, '民权县'),
	(1823, 411422, 4114, '睢 县'),
	(1824, 411423, 4114, '宁陵县'),
	(1825, 411424, 4114, '柘城县'),
	(1826, 411425, 4114, '虞城县'),
	(1827, 411426, 4114, '夏邑县'),
	(1828, 411481, 4114, '永城市'),
	(1829, 4115, 41, '信阳'),
	(1830, 411501, 4115, '市辖区'),
	(1831, 411502, 4115, '师河区'),
	(1832, 411503, 4115, '平桥区'),
	(1833, 411521, 4115, '罗山县'),
	(1834, 411522, 4115, '光山县'),
	(1835, 411523, 4115, '新 县'),
	(1836, 411524, 4115, '商城县'),
	(1837, 411525, 4115, '固始县'),
	(1838, 411526, 4115, '潢川县'),
	(1839, 411527, 4115, '淮滨县'),
	(1840, 411528, 4115, '息 县'),
	(1841, 4116, 41, '周口'),
	(1842, 411601, 4116, '市辖区'),
	(1843, 411602, 4116, '川汇区'),
	(1844, 411621, 4116, '扶沟县'),
	(1845, 411622, 4116, '西华县'),
	(1846, 411623, 4116, '商水县'),
	(1847, 411624, 4116, '沈丘县'),
	(1848, 411625, 4116, '郸城县'),
	(1849, 411626, 4116, '淮阳县'),
	(1850, 411627, 4116, '太康县'),
	(1851, 411628, 4116, '鹿邑县'),
	(1852, 411681, 4116, '项城市'),
	(1853, 4117, 41, '驻马店'),
	(1854, 411701, 4117, '市辖区'),
	(1855, 411702, 4117, '驿城区'),
	(1856, 411721, 4117, '西平县'),
	(1857, 411722, 4117, '上蔡县'),
	(1858, 411723, 4117, '平舆县'),
	(1859, 411724, 4117, '正阳县'),
	(1860, 411725, 4117, '确山县'),
	(1861, 411726, 4117, '泌阳县'),
	(1862, 411727, 4117, '汝南县'),
	(1863, 411728, 4117, '遂平县'),
	(1864, 411729, 4117, '新蔡县'),
	(1865, 42, 0, '湖北'),
	(1866, 4201, 42, '武汉'),
	(1867, 420101, 4201, '市辖区'),
	(1868, 420102, 4201, '江岸区'),
	(1869, 420103, 4201, '江汉区'),
	(1870, 420104, 4201, '乔口区'),
	(1871, 420105, 4201, '汉阳区'),
	(1872, 420106, 4201, '武昌区'),
	(1873, 420107, 4201, '青山区'),
	(1874, 420111, 4201, '洪山区'),
	(1875, 420112, 4201, '东西湖区'),
	(1876, 420113, 4201, '汉南区'),
	(1877, 420114, 4201, '蔡甸区'),
	(1878, 420115, 4201, '江夏区'),
	(1879, 420116, 4201, '黄陂区'),
	(1880, 420117, 4201, '新洲区'),
	(1881, 4202, 42, '黄石'),
	(1882, 420201, 4202, '市辖区'),
	(1883, 420202, 4202, '黄石港区'),
	(1884, 420203, 4202, '石灰窑区'),
	(1885, 420204, 4202, '下陆区'),
	(1886, 420205, 4202, '铁山区'),
	(1887, 420222, 4202, '阳新县'),
	(1888, 420281, 4202, '大冶市'),
	(1889, 4203, 42, '十堰'),
	(1890, 420301, 4203, '市辖区'),
	(1891, 420302, 4203, '茅箭区'),
	(1892, 420303, 4203, '张湾区'),
	(1893, 420321, 4203, '郧 县'),
	(1894, 420322, 4203, '郧西县'),
	(1895, 420323, 4203, '竹山县'),
	(1896, 420324, 4203, '竹溪县'),
	(1897, 420325, 4203, '房 县'),
	(1898, 420381, 4203, '丹江口市'),
	(1899, 4205, 42, '宜昌'),
	(1900, 420501, 4205, '市辖区'),
	(1901, 420502, 4205, '西陵区'),
	(1902, 420503, 4205, '伍家岗区'),
	(1903, 420504, 4205, '点军区'),
	(1904, 420505, 4205, '虎亭区'),
	(1905, 420521, 4205, '宜昌县'),
	(1906, 420525, 4205, '远安县'),
	(1907, 420526, 4205, '兴山县'),
	(1908, 420527, 4205, '秭归县'),
	(1909, 420528, 4205, '长阳土家族自治县'),
	(1910, 420529, 4205, '五峰土家族自治县'),
	(1911, 420581, 4205, '宜都市'),
	(1912, 420582, 4205, '当阳市'),
	(1913, 420583, 4205, '枝江市'),
	(1914, 4206, 42, '襄樊'),
	(1915, 420601, 4206, '市辖区'),
	(1916, 420602, 4206, '襄城区'),
	(1917, 420606, 4206, '樊城区'),
	(1918, 420621, 4206, '襄阳县'),
	(1919, 420624, 4206, '南漳县'),
	(1920, 420625, 4206, '谷城县'),
	(1921, 420626, 4206, '保康县'),
	(1922, 420682, 4206, '老河口市'),
	(1923, 420683, 4206, '枣阳市'),
	(1924, 420684, 4206, '宜城市'),
	(1925, 4207, 42, '鄂州'),
	(1926, 420701, 4207, '市辖区'),
	(1927, 420702, 4207, '梁子湖区'),
	(1928, 420703, 4207, '华容区'),
	(1929, 420704, 4207, '鄂城区'),
	(1930, 4208, 42, '荆门'),
	(1931, 420801, 4208, '市辖区'),
	(1932, 420802, 4208, '东宝区'),
	(1933, 420821, 4208, '京山县'),
	(1934, 420822, 4208, '沙洋县'),
	(1935, 420881, 4208, '钟祥市'),
	(1936, 4209, 42, '孝感'),
	(1937, 420901, 4209, '市辖区'),
	(1938, 420902, 4209, '孝南区'),
	(1939, 420921, 4209, '孝昌县'),
	(1940, 420922, 4209, '大悟县'),
	(1941, 420923, 4209, '云梦县'),
	(1942, 420981, 4209, '应城市'),
	(1943, 420982, 4209, '安陆市'),
	(1944, 420984, 4209, '汉川市'),
	(1945, 4210, 42, '荆州'),
	(1946, 421001, 4210, '市辖区'),
	(1947, 421002, 4210, '沙市区'),
	(1948, 421003, 4210, '荆州区'),
	(1949, 421022, 4210, '公安县'),
	(1950, 421023, 4210, '监利县'),
	(1951, 421024, 4210, '江陵县'),
	(1952, 421081, 4210, '石首市'),
	(1953, 421083, 4210, '洪湖市'),
	(1954, 421087, 4210, '松滋市'),
	(1955, 4211, 42, '黄冈'),
	(1956, 421101, 4211, '市辖区'),
	(1957, 421102, 4211, '黄州区'),
	(1958, 421121, 4211, '团风县'),
	(1959, 421122, 4211, '红安县'),
	(1960, 421123, 4211, '罗田县'),
	(1961, 421124, 4211, '英山县'),
	(1962, 421125, 4211, '浠水县'),
	(1963, 421126, 4211, '蕲春县'),
	(1964, 421127, 4211, '黄梅县'),
	(1965, 421181, 4211, '麻城市'),
	(1966, 421182, 4211, '武穴市'),
	(1967, 4212, 42, '咸宁'),
	(1968, 421201, 4212, '市辖区'),
	(1969, 421202, 4212, '咸安区'),
	(1970, 421221, 4212, '嘉鱼县'),
	(1971, 421222, 4212, '通城县'),
	(1972, 421223, 4212, '崇阳县'),
	(1973, 421224, 4212, '通山县'),
	(1974, 421281, 4212, '赤壁市'),
	(1975, 4213, 42, '随州'),
	(1976, 421301, 4213, '市辖区'),
	(1977, 421302, 4213, '曾都区'),
	(1978, 421381, 4213, '广水市'),
	(1979, 4228, 42, '恩施土家族苗族自治州'),
	(1980, 422801, 4228, '恩施市'),
	(1981, 422802, 4228, '利川市'),
	(1982, 422822, 4228, '建始县'),
	(1983, 422823, 4228, '巴东县'),
	(1984, 422825, 4228, '宣恩县'),
	(1985, 422826, 4228, '咸丰县'),
	(1986, 422827, 4228, '来凤县'),
	(1987, 422828, 4228, '鹤峰县'),
	(1988, 4290, 42, '省直辖行政单位'),
	(1989, 429004, 4290, '仙桃市'),
	(1990, 429005, 4290, '潜江市'),
	(1991, 429006, 4290, '天门市'),
	(1992, 429021, 4290, '神农架林区'),
	(1993, 43, 0, '湖南'),
	(1994, 4301, 43, '长沙'),
	(1995, 430101, 4301, '市辖区'),
	(1996, 430102, 4301, '芙蓉区'),
	(1997, 430103, 4301, '天心区'),
	(1998, 430104, 4301, '岳麓区'),
	(1999, 430105, 4301, '开福区'),
	(2000, 430111, 4301, '雨花区'),
	(2001, 430121, 4301, '长沙县'),
	(2002, 430122, 4301, '望城县'),
	(2003, 430124, 4301, '宁乡县'),
	(2004, 430181, 4301, '浏阳市'),
	(2005, 4302, 43, '株洲'),
	(2006, 430201, 4302, '市辖区'),
	(2007, 430202, 4302, '荷塘区'),
	(2008, 430203, 4302, '芦淞区'),
	(2009, 430204, 4302, '石峰区'),
	(2010, 430211, 4302, '天元区'),
	(2011, 430221, 4302, '株洲县'),
	(2012, 430223, 4302, '攸 县'),
	(2013, 430224, 4302, '茶陵县'),
	(2014, 430225, 4302, '炎陵县'),
	(2015, 430281, 4302, '醴陵市'),
	(2016, 4303, 43, '湘潭'),
	(2017, 430301, 4303, '市辖区'),
	(2018, 430302, 4303, '雨湖区'),
	(2019, 430304, 4303, '岳塘区'),
	(2020, 430321, 4303, '湘潭县'),
	(2021, 430381, 4303, '湘乡市'),
	(2022, 430382, 4303, '韶山市'),
	(2023, 4304, 43, '衡阳'),
	(2024, 430401, 4304, '市辖区'),
	(2025, 430402, 4304, '江东区'),
	(2026, 430403, 4304, '城南区'),
	(2027, 430404, 4304, '城北区'),
	(2028, 430411, 4304, '郊 区'),
	(2029, 430412, 4304, '南岳区'),
	(2030, 430421, 4304, '衡阳县'),
	(2031, 430422, 4304, '衡南县'),
	(2032, 430423, 4304, '衡山县'),
	(2033, 430424, 4304, '衡东县'),
	(2034, 430426, 4304, '祁东县'),
	(2035, 430481, 4304, '耒阳市'),
	(2036, 430482, 4304, '常宁市'),
	(2037, 4305, 43, '邵阳'),
	(2038, 430501, 4305, '市辖区'),
	(2039, 430502, 4305, '双清区'),
	(2040, 430503, 4305, '大祥区'),
	(2041, 430511, 4305, '北塔区'),
	(2042, 430521, 4305, '邵东县'),
	(2043, 430522, 4305, '新邵县'),
	(2044, 430523, 4305, '邵阳县'),
	(2045, 430524, 4305, '隆回县'),
	(2046, 430525, 4305, '洞口县'),
	(2047, 430527, 4305, '绥宁县'),
	(2048, 430528, 4305, '新宁县'),
	(2049, 430529, 4305, '城步苗族自治县'),
	(2050, 430581, 4305, '武冈市'),
	(2051, 4306, 43, '岳阳'),
	(2052, 430601, 4306, '市辖区'),
	(2053, 430602, 4306, '岳阳楼区'),
	(2054, 430603, 4306, '云溪区'),
	(2055, 430611, 4306, '君山区'),
	(2056, 430621, 4306, '岳阳县'),
	(2057, 430623, 4306, '华容县'),
	(2058, 430624, 4306, '湘阴县'),
	(2059, 430626, 4306, '平江县'),
	(2060, 430681, 4306, '汨罗市'),
	(2061, 430682, 4306, '临湘市'),
	(2062, 4307, 43, '常德'),
	(2063, 430701, 4307, '市辖区'),
	(2064, 430702, 4307, '武陵区'),
	(2065, 430703, 4307, '鼎城区'),
	(2066, 430721, 4307, '安乡县'),
	(2067, 430722, 4307, '汉寿县'),
	(2068, 430723, 4307, '澧 县'),
	(2069, 430724, 4307, '临澧县'),
	(2070, 430725, 4307, '桃源县'),
	(2071, 430726, 4307, '石门县'),
	(2072, 430781, 4307, '津市市'),
	(2073, 4308, 43, '张家界'),
	(2074, 430801, 4308, '市辖区'),
	(2075, 430802, 4308, '永定区'),
	(2076, 430811, 4308, '武陵源区'),
	(2077, 430821, 4308, '慈利县'),
	(2078, 430822, 4308, '桑植县'),
	(2079, 4309, 43, '益阳'),
	(2080, 430901, 4309, '市辖区'),
	(2081, 430902, 4309, '资阳区'),
	(2082, 430903, 4309, '赫山区'),
	(2083, 430921, 4309, '南 县'),
	(2084, 430922, 4309, '桃江县'),
	(2085, 430923, 4309, '安化县'),
	(2086, 430981, 4309, '沅江市'),
	(2087, 4310, 43, '郴州'),
	(2088, 431001, 4310, '市辖区'),
	(2089, 431002, 4310, '北湖区'),
	(2090, 431003, 4310, '苏仙区'),
	(2091, 431021, 4310, '桂阳县'),
	(2092, 431022, 4310, '宜章县'),
	(2093, 431023, 4310, '永兴县'),
	(2094, 431024, 4310, '嘉禾县'),
	(2095, 431025, 4310, '临武县'),
	(2096, 431026, 4310, '汝城县'),
	(2097, 431027, 4310, '桂东县'),
	(2098, 431028, 4310, '安仁县'),
	(2099, 431081, 4310, '资兴市'),
	(2100, 4311, 43, '永州'),
	(2101, 431101, 4311, '市辖区'),
	(2102, 431102, 4311, '芝山区'),
	(2103, 431103, 4311, '冷水滩区'),
	(2104, 431121, 4311, '祁阳县'),
	(2105, 431122, 4311, '东安县'),
	(2106, 431123, 4311, '双牌县'),
	(2107, 431124, 4311, '道 县'),
	(2108, 431125, 4311, '江永县'),
	(2109, 431126, 4311, '宁远县'),
	(2110, 431127, 4311, '蓝山县'),
	(2111, 431128, 4311, '新田县'),
	(2112, 431129, 4311, '江华瑶族自治县'),
	(2113, 4312, 43, '怀化'),
	(2114, 431201, 4312, '市辖区'),
	(2115, 431202, 4312, '鹤城区'),
	(2116, 431221, 4312, '中方县'),
	(2117, 431222, 4312, '沅陵县'),
	(2118, 431223, 4312, '辰溪县'),
	(2119, 431224, 4312, '溆浦县'),
	(2120, 431225, 4312, '会同县'),
	(2121, 431226, 4312, '麻阳苗族自治县'),
	(2122, 431227, 4312, '新晃侗族自治县'),
	(2123, 431228, 4312, '芷江侗族自治县'),
	(2124, 431229, 4312, '靖州苗族侗族自治县'),
	(2125, 431230, 4312, '通道侗族自治县'),
	(2126, 431281, 4312, '洪江市'),
	(2127, 4313, 43, '娄底'),
	(2128, 431301, 4313, '市辖区'),
	(2129, 431302, 4313, '娄星区'),
	(2130, 431321, 4313, '双峰县'),
	(2131, 431322, 4313, '新化县'),
	(2132, 431381, 4313, '冷水江市'),
	(2133, 431382, 4313, '涟源市'),
	(2134, 4331, 43, '湘西土家族苗族自治州'),
	(2135, 433101, 4331, '吉首市'),
	(2136, 433122, 4331, '泸溪县'),
	(2137, 433123, 4331, '凤凰县'),
	(2138, 433124, 4331, '花垣县'),
	(2139, 433125, 4331, '保靖县'),
	(2140, 433126, 4331, '古丈县'),
	(2141, 433127, 4331, '永顺县'),
	(2142, 433130, 4331, '龙山县'),
	(2143, 44, 0, '广东'),
	(2144, 4401, 44, '广州'),
	(2145, 440101, 4401, '市辖区'),
	(2146, 440102, 4401, '东山区'),
	(2147, 440103, 4401, '荔湾区'),
	(2148, 440104, 4401, '越秀区'),
	(2149, 440105, 4401, '海珠区'),
	(2150, 440106, 4401, '天河区'),
	(2151, 440107, 4401, '芳村区'),
	(2152, 440111, 4401, '白云区'),
	(2153, 440112, 4401, '黄埔区'),
	(2154, 440113, 4401, '番禺区'),
	(2155, 440114, 4401, '花都区'),
	(2156, 440183, 4401, '增城市'),
	(2157, 440184, 4401, '从化市'),
	(2158, 4402, 44, '韶关'),
	(2159, 440201, 4402, '市辖区'),
	(2160, 440202, 4402, '北江区'),
	(2161, 440203, 4402, '武江区'),
	(2162, 440204, 4402, '浈江区'),
	(2163, 440221, 4402, '曲江县'),
	(2164, 440222, 4402, '始兴县'),
	(2165, 440224, 4402, '仁化县'),
	(2166, 440229, 4402, '翁源县'),
	(2167, 440232, 4402, '乳源瑶族自治县'),
	(2168, 440233, 4402, '新丰县'),
	(2169, 440281, 4402, '乐昌市'),
	(2170, 440282, 4402, '南雄市'),
	(2171, 4403, 44, '深圳'),
	(2172, 440301, 4403, '市辖区'),
	(2173, 440303, 4403, '罗湖区'),
	(2174, 440304, 4403, '福田区'),
	(2175, 440305, 4403, '南山区'),
	(2176, 440306, 4403, '宝安区'),
	(2177, 440307, 4403, '龙岗区'),
	(2178, 440308, 4403, '盐田区'),
	(2179, 4404, 44, '珠海'),
	(2180, 440401, 4404, '市辖区'),
	(2181, 440402, 4404, '香洲区'),
	(2182, 440421, 4404, '斗门县'),
	(2183, 4405, 44, '汕头'),
	(2184, 440501, 4405, '市辖区'),
	(2185, 440506, 4405, '达濠区'),
	(2186, 440507, 4405, '龙湖区'),
	(2187, 440508, 4405, '金园区'),
	(2188, 440509, 4405, '升平区'),
	(2189, 440510, 4405, '河浦区'),
	(2190, 440523, 4405, '南澳县'),
	(2191, 440582, 4405, '潮阳市'),
	(2192, 440583, 4405, '澄海市'),
	(2193, 4406, 44, '佛山'),
	(2194, 440601, 4406, '市辖区'),
	(2195, 440602, 4406, '城 区'),
	(2196, 440603, 4406, '石湾区'),
	(2197, 440681, 4406, '顺德市'),
	(2198, 440682, 4406, '南海市'),
	(2199, 440683, 4406, '三水市'),
	(2200, 440684, 4406, '高明市'),
	(2201, 4407, 44, '江门'),
	(2202, 440701, 4407, '市辖区'),
	(2203, 440703, 4407, '蓬江区'),
	(2204, 440704, 4407, '江海区'),
	(2205, 440781, 4407, '台山市'),
	(2206, 440782, 4407, '新会市'),
	(2207, 440783, 4407, '开平市'),
	(2208, 440784, 4407, '鹤山市'),
	(2209, 440785, 4407, '恩平市'),
	(2210, 4408, 44, '湛江'),
	(2211, 440801, 4408, '市辖区'),
	(2212, 440802, 4408, '赤坎区'),
	(2213, 440803, 4408, '霞山区'),
	(2214, 440804, 4408, '坡头区'),
	(2215, 440811, 4408, '麻章区'),
	(2216, 440823, 4408, '遂溪县'),
	(2217, 440825, 4408, '徐闻县'),
	(2218, 440881, 4408, '廉江市'),
	(2219, 440882, 4408, '雷州市'),
	(2220, 440883, 4408, '吴川市'),
	(2221, 4409, 44, '茂名'),
	(2222, 440901, 4409, '市辖区'),
	(2223, 440902, 4409, '茂南区'),
	(2224, 440923, 4409, '电白县'),
	(2225, 440981, 4409, '高州市'),
	(2226, 440982, 4409, '化州市'),
	(2227, 440983, 4409, '信宜市'),
	(2228, 4412, 44, '肇庆'),
	(2229, 441201, 4412, '市辖区'),
	(2230, 441202, 4412, '端州区'),
	(2231, 441203, 4412, '鼎湖区'),
	(2232, 441223, 4412, '广宁县'),
	(2233, 441224, 4412, '怀集县'),
	(2234, 441225, 4412, '封开县'),
	(2235, 441226, 4412, '德庆县'),
	(2236, 441283, 4412, '高要市'),
	(2237, 441284, 4412, '四会市'),
	(2238, 4413, 44, '惠州'),
	(2239, 441301, 4413, '市辖区'),
	(2240, 441302, 4413, '惠城区'),
	(2241, 441322, 4413, '博罗县'),
	(2242, 441323, 4413, '惠东县'),
	(2243, 441324, 4413, '龙门县'),
	(2244, 441381, 4413, '惠阳市'),
	(2245, 4414, 44, '梅州'),
	(2246, 441401, 4414, '市辖区'),
	(2247, 441402, 4414, '梅江区'),
	(2248, 441421, 4414, '梅 县'),
	(2249, 441422, 4414, '大埔县'),
	(2250, 441423, 4414, '丰顺县'),
	(2251, 441424, 4414, '五华县'),
	(2252, 441426, 4414, '平远县'),
	(2253, 441427, 4414, '蕉岭县'),
	(2254, 441481, 4414, '兴宁市'),
	(2255, 4415, 44, '汕尾'),
	(2256, 441501, 4415, '市辖区'),
	(2257, 441502, 4415, '城 区'),
	(2258, 441521, 4415, '海丰县'),
	(2259, 441523, 4415, '陆河县'),
	(2260, 441581, 4415, '陆丰市'),
	(2261, 4416, 44, '河源'),
	(2262, 441601, 4416, '市辖区'),
	(2263, 441602, 4416, '源城区'),
	(2264, 441621, 4416, '紫金县'),
	(2265, 441622, 4416, '龙川县'),
	(2266, 441623, 4416, '连平县'),
	(2267, 441624, 4416, '和平县'),
	(2268, 441625, 4416, '东源县'),
	(2269, 4417, 44, '阳江'),
	(2270, 441701, 4417, '市辖区'),
	(2271, 441702, 4417, '江城区'),
	(2272, 441721, 4417, '阳西县'),
	(2273, 441723, 4417, '阳东县'),
	(2274, 441781, 4417, '阳春市'),
	(2275, 4418, 44, '清远'),
	(2276, 441801, 4418, '市辖区'),
	(2277, 441802, 4418, '清城区'),
	(2278, 441821, 4418, '佛冈县'),
	(2279, 441823, 4418, '阳山县'),
	(2280, 441825, 4418, '连山壮族瑶族自治县'),
	(2281, 441826, 4418, '连南瑶族自治县'),
	(2282, 441827, 4418, '清新县'),
	(2283, 441881, 4418, '英德市'),
	(2284, 441882, 4418, '连州市'),
	(2285, 4419, 44, '东莞'),
	(2286, 441901, 4419, '莞城区'),
	(2287, 441902, 4419, '东城区'),
	(2288, 441903, 4419, '南城区'),
	(2289, 441904, 4419, '万江区'),
	(2290, 4420, 44, '中山'),
	(2291, 442001, 4420, '石岐区'),
	(2292, 442002, 4420, '东区'),
	(2293, 442003, 4420, '西区'),
	(2294, 442004, 4420, '南区'),
	(2295, 442005, 4420, '五桂山'),
	(2296, 4451, 44, '潮州'),
	(2297, 445101, 4451, '市辖区'),
	(2298, 445102, 4451, '湘桥区'),
	(2299, 445121, 4451, '潮安县'),
	(2300, 445122, 4451, '饶平县'),
	(2301, 4452, 44, '揭阳'),
	(2302, 445201, 4452, '市辖区'),
	(2303, 445202, 4452, '榕城区'),
	(2304, 445221, 4452, '揭东县'),
	(2305, 445222, 4452, '揭西县'),
	(2306, 445224, 4452, '惠来县'),
	(2307, 445281, 4452, '普宁市'),
	(2308, 4453, 44, '云浮'),
	(2309, 445301, 4453, '市辖区'),
	(2310, 445302, 4453, '云城区'),
	(2311, 445321, 4453, '新兴县'),
	(2312, 445322, 4453, '郁南县'),
	(2313, 445323, 4453, '云安县'),
	(2314, 445381, 4453, '罗定市'),
	(2315, 45, 0, '广西'),
	(2316, 4501, 45, '南宁'),
	(2317, 450101, 4501, '市辖区'),
	(2318, 450102, 4501, '兴宁区'),
	(2319, 450103, 4501, '新城区'),
	(2320, 450104, 4501, '城北区'),
	(2321, 450105, 4501, '江南区'),
	(2322, 450106, 4501, '永新区'),
	(2323, 450111, 4501, '市郊区'),
	(2324, 450121, 4501, '邕宁县'),
	(2325, 450122, 4501, '武鸣县'),
	(2326, 4502, 45, '柳州'),
	(2327, 450201, 4502, '市辖区'),
	(2328, 450202, 4502, '城中区'),
	(2329, 450203, 4502, '鱼峰区'),
	(2330, 450204, 4502, '柳南区'),
	(2331, 450205, 4502, '柳北区'),
	(2332, 450211, 4502, '市郊区'),
	(2333, 450221, 4502, '柳江县'),
	(2334, 450222, 4502, '柳城县'),
	(2335, 4503, 45, '桂林'),
	(2336, 450301, 4503, '市辖区'),
	(2337, 450302, 4503, '秀峰区'),
	(2338, 450303, 4503, '叠彩区'),
	(2339, 450304, 4503, '象山区'),
	(2340, 450305, 4503, '七星区'),
	(2341, 450311, 4503, '雁山区'),
	(2342, 450321, 4503, '阳朔县'),
	(2343, 450322, 4503, '临桂县'),
	(2344, 450323, 4503, '灵川县'),
	(2345, 450324, 4503, '全州县'),
	(2346, 450325, 4503, '兴安县'),
	(2347, 450326, 4503, '永福县'),
	(2348, 450327, 4503, '灌阳县'),
	(2349, 450328, 4503, '龙胜各县自治区'),
	(2350, 450329, 4503, '资源县'),
	(2351, 450330, 4503, '平乐县'),
	(2352, 450331, 4503, '荔蒲县'),
	(2353, 450332, 4503, '恭城瑶族自治县'),
	(2354, 4504, 45, '梧州'),
	(2355, 450401, 4504, '市辖区'),
	(2356, 450403, 4504, '万秀区'),
	(2357, 450404, 4504, '蝶山区'),
	(2358, 450411, 4504, '市郊区'),
	(2359, 450421, 4504, '苍梧县'),
	(2360, 450422, 4504, '藤 县'),
	(2361, 450423, 4504, '蒙山县'),
	(2362, 450481, 4504, '岑溪市'),
	(2363, 4505, 45, '北海'),
	(2364, 450501, 4505, '市辖区'),
	(2365, 450502, 4505, '海城区'),
	(2366, 450503, 4505, '银海区'),
	(2367, 450512, 4505, '铁山港区'),
	(2368, 450521, 4505, '合浦县'),
	(2369, 4506, 45, '防城港'),
	(2370, 450601, 4506, '市辖区'),
	(2371, 450602, 4506, '港口区'),
	(2372, 450603, 4506, '防城区'),
	(2373, 450621, 4506, '上思县'),
	(2374, 450681, 4506, '东兴市'),
	(2375, 4507, 45, '钦州'),
	(2376, 450701, 4507, '市辖区'),
	(2377, 450702, 4507, '钦南区'),
	(2378, 450703, 4507, '钦北区'),
	(2379, 450721, 4507, '浦北县'),
	(2380, 450722, 4507, '灵山县'),
	(2381, 4508, 45, '贵港'),
	(2382, 450801, 4508, '市辖区'),
	(2383, 450802, 4508, '港北区'),
	(2384, 450803, 4508, '港南区'),
	(2385, 450821, 4508, '平南县'),
	(2386, 450881, 4508, '桂平市'),
	(2387, 4509, 45, '玉林'),
	(2388, 450901, 4509, '市辖区'),
	(2389, 450902, 4509, '玉州区'),
	(2390, 450921, 4509, '容 县'),
	(2391, 450922, 4509, '陆川县'),
	(2392, 450923, 4509, '博白县'),
	(2393, 450924, 4509, '兴业县'),
	(2394, 450981, 4509, '北流市'),
	(2395, 4521, 45, '南宁地区'),
	(2396, 452101, 4521, '凭祥市'),
	(2397, 452122, 4521, '横 县'),
	(2398, 452123, 4521, '宾阳县'),
	(2399, 452124, 4521, '上林县'),
	(2400, 452126, 4521, '隆安县'),
	(2401, 452127, 4521, '马山县'),
	(2402, 452128, 4521, '扶绥县'),
	(2403, 452129, 4521, '崇左县'),
	(2404, 452130, 4521, '大新县'),
	(2405, 452131, 4521, '天等县'),
	(2406, 452132, 4521, '宁明县'),
	(2407, 452133, 4521, '龙州县'),
	(2408, 4522, 45, '柳州地区'),
	(2409, 452201, 4522, '合山市'),
	(2410, 452223, 4522, '鹿寨县'),
	(2411, 452224, 4522, '象州县'),
	(2412, 452225, 4522, '武宣县'),
	(2413, 452226, 4522, '来宾县'),
	(2414, 452227, 4522, '融安县'),
	(2415, 452228, 4522, '三江侗族自治县'),
	(2416, 452229, 4522, '融水苗族自治县'),
	(2417, 452230, 4522, '金秀瑶族自治县'),
	(2418, 452231, 4522, '忻城县'),
	(2419, 4524, 45, '贺州地区'),
	(2420, 452402, 4524, '贺州市'),
	(2421, 452424, 4524, '昭平县'),
	(2422, 452427, 4524, '钟山县'),
	(2423, 452428, 4524, '富川瑶族自治县'),
	(2424, 4526, 45, '百色地区'),
	(2425, 452601, 4526, '百色市'),
	(2426, 452622, 4526, '田阳县'),
	(2427, 452623, 4526, '田东县'),
	(2428, 452624, 4526, '平果县'),
	(2429, 452625, 4526, '德保县'),
	(2430, 452626, 4526, '靖西县'),
	(2431, 452627, 4526, '那坡县'),
	(2432, 452628, 4526, '凌云县'),
	(2433, 452629, 4526, '乐业县'),
	(2434, 452630, 4526, '田林县'),
	(2435, 452631, 4526, '隆林各族自治县'),
	(2436, 452632, 4526, '西林县'),
	(2437, 4527, 45, '河池地区'),
	(2438, 452701, 4527, '河池市'),
	(2439, 452702, 4527, '宜州市'),
	(2440, 452723, 4527, '罗城仫佬族自治县'),
	(2441, 452724, 4527, '环江毛南族自治县'),
	(2442, 452725, 4527, '南丹县'),
	(2443, 452726, 4527, '天峨县'),
	(2444, 452727, 4527, '凤山县'),
	(2445, 452728, 4527, '东兰县'),
	(2446, 452729, 4527, '巴马瑶族自治县'),
	(2447, 452730, 4527, '都安瑶族自治县'),
	(2448, 452731, 4527, '大化瑶族自治县'),
	(2449, 46, 0, '海南'),
	(2450, 4601, 46, '海南'),
	(2451, 460101, 4601, '通什市'),
	(2452, 460102, 4601, '琼海市'),
	(2453, 460103, 4601, '儋州市'),
	(2454, 460104, 4601, '琼山市'),
	(2455, 460105, 4601, '文昌市'),
	(2456, 460106, 4601, '万宁市'),
	(2457, 460107, 4601, '东方市'),
	(2458, 460125, 4601, '定安县'),
	(2459, 460126, 4601, '屯昌县'),
	(2460, 460127, 4601, '澄迈县'),
	(2461, 460128, 4601, '临高县'),
	(2462, 460130, 4601, '白沙黎族自治县'),
	(2463, 460131, 4601, '昌江黎族自治县'),
	(2464, 460133, 4601, '乐东黎族自治县'),
	(2465, 460134, 4601, '陵水黎族自治县'),
	(2466, 460135, 4601, '保亭黎族苗族自治县'),
	(2467, 460136, 4601, '琼中黎族苗族自治县'),
	(2468, 460137, 4601, '西沙群岛'),
	(2469, 460138, 4601, '南沙群岛'),
	(2470, 460139, 4601, '中沙群岛的岛礁及其海'),
	(2471, 4602, 46, '海口'),
	(2472, 460201, 4602, '市辖区'),
	(2473, 460202, 4602, '振东区'),
	(2474, 460203, 4602, '新华区'),
	(2475, 460204, 4602, '秀英区'),
	(2476, 4603, 46, '三亚'),
	(2477, 460301, 4603, '市辖区'),
	(2478, 50, 0, '重庆'),
	(2479, 5001, 50, '重庆市辖'),
	(2480, 500101, 5001, '万州区'),
	(2481, 500102, 5001, '涪陵区'),
	(2482, 500103, 5001, '渝中区'),
	(2483, 500104, 5001, '大渡口区'),
	(2484, 500105, 5001, '江北区'),
	(2485, 500106, 5001, '沙坪坝区'),
	(2486, 500107, 5001, '九龙坡区'),
	(2487, 500108, 5001, '南岸区'),
	(2488, 500109, 5001, '北碚区'),
	(2489, 500110, 5001, '万盛区'),
	(2490, 500111, 5001, '双桥区'),
	(2491, 500112, 5001, '渝北区'),
	(2492, 500113, 5001, '巴南区'),
	(2493, 500114, 5001, '黔江区'),
	(2494, 5002, 50, '重庆县辖'),
	(2495, 500221, 5002, '长寿县'),
	(2496, 500222, 5002, '綦江县'),
	(2497, 500223, 5002, '潼南县'),
	(2498, 500224, 5002, '铜梁县'),
	(2499, 500225, 5002, '大足县'),
	(2500, 500226, 5002, '荣昌县'),
	(2501, 500227, 5002, '璧山县'),
	(2502, 500228, 5002, '梁平县'),
	(2503, 500229, 5002, '城口县'),
	(2504, 500230, 5002, '丰都县'),
	(2505, 500231, 5002, '垫江县'),
	(2506, 500232, 5002, '武隆县'),
	(2507, 500233, 5002, '忠 县'),
	(2508, 500234, 5002, '开 县'),
	(2509, 500235, 5002, '云阳县'),
	(2510, 500236, 5002, '奉节县'),
	(2511, 500237, 5002, '巫山县'),
	(2512, 500238, 5002, '巫溪县'),
	(2513, 500240, 5002, '石柱土家族自治县'),
	(2514, 500241, 5002, '秀山土家族苗族自治县'),
	(2515, 500242, 5002, '酉阳土家族苗族自治县'),
	(2516, 500243, 5002, '彭水苗族土家族自治县'),
	(2517, 5003, 50, '重庆县级'),
	(2518, 500381, 5003, '江津市'),
	(2519, 500382, 5003, '合川市'),
	(2520, 500383, 5003, '永川市'),
	(2521, 500384, 5003, '南川市'),
	(2522, 51, 0, '四川'),
	(2523, 5101, 51, '成都'),
	(2524, 510101, 5101, '市辖区'),
	(2525, 510103, 5101, '高新区'),
	(2526, 510104, 5101, '锦江区'),
	(2527, 510105, 5101, '青羊区'),
	(2528, 510106, 5101, '金牛区'),
	(2529, 510107, 5101, '武侯区'),
	(2530, 510108, 5101, '成华区'),
	(2531, 510112, 5101, '龙泉驿区'),
	(2532, 510113, 5101, '青白江区'),
	(2533, 510121, 5101, '金堂县'),
	(2534, 510122, 5101, '双流县'),
	(2535, 510123, 5101, '温江县'),
	(2536, 510124, 5101, '郫 县'),
	(2537, 510125, 5101, '新都县'),
	(2538, 510129, 5101, '大邑县'),
	(2539, 510131, 5101, '蒲江县'),
	(2540, 510132, 5101, '新津县'),
	(2541, 510181, 5101, '都江堰市'),
	(2542, 510182, 5101, '彭州市'),
	(2543, 510183, 5101, '邛崃市'),
	(2544, 510184, 5101, '崇州市'),
	(2545, 5103, 51, '自贡'),
	(2546, 510301, 5103, '市辖区'),
	(2547, 510302, 5103, '自流井区'),
	(2548, 510303, 5103, '贡井区'),
	(2549, 510304, 5103, '大安区'),
	(2550, 510311, 5103, '沿滩区'),
	(2551, 510321, 5103, '荣 县'),
	(2552, 510322, 5103, '富顺县'),
	(2553, 5104, 51, '攀枝花'),
	(2554, 510401, 5104, '市辖区'),
	(2555, 510402, 5104, '东 区'),
	(2556, 510403, 5104, '西 区'),
	(2557, 510411, 5104, '仁和区'),
	(2558, 510421, 5104, '米易县'),
	(2559, 510422, 5104, '盐边县'),
	(2560, 5105, 51, '泸州'),
	(2561, 510501, 5105, '市辖区'),
	(2562, 510502, 5105, '江阳区'),
	(2563, 510503, 5105, '纳溪区'),
	(2564, 510504, 5105, '龙马潭区'),
	(2565, 510521, 5105, '泸 县'),
	(2566, 510522, 5105, '合江县'),
	(2567, 510524, 5105, '叙永县'),
	(2568, 510525, 5105, '古蔺县'),
	(2569, 5106, 51, '德阳'),
	(2570, 510601, 5106, '市辖区'),
	(2571, 510603, 5106, '旌阳区'),
	(2572, 510623, 5106, '中江县'),
	(2573, 510626, 5106, '罗江县'),
	(2574, 510681, 5106, '广汉市'),
	(2575, 510682, 5106, '什邡市'),
	(2576, 510683, 5106, '绵竹市'),
	(2577, 5107, 51, '绵阳'),
	(2578, 510701, 5107, '市辖区'),
	(2579, 510703, 5107, '涪城区'),
	(2580, 510704, 5107, '游仙区'),
	(2581, 510710, 5107, '科学城区'),
	(2582, 510722, 5107, '三台县'),
	(2583, 510723, 5107, '盐亭县'),
	(2584, 510724, 5107, '安 县'),
	(2585, 510725, 5107, '梓潼县'),
	(2586, 510726, 5107, '北川县'),
	(2587, 510727, 5107, '平武县'),
	(2588, 510781, 5107, '江油市'),
	(2589, 5108, 51, '广元'),
	(2590, 510801, 5108, '市辖区'),
	(2591, 510802, 5108, '市中区'),
	(2592, 510811, 5108, '元坝区'),
	(2593, 510812, 5108, '朝天区'),
	(2594, 510821, 5108, '旺苍县'),
	(2595, 510822, 5108, '青川县'),
	(2596, 510823, 5108, '剑阁县'),
	(2597, 510824, 5108, '苍溪县'),
	(2598, 5109, 51, '遂宁'),
	(2599, 510901, 5109, '市辖区'),
	(2600, 510902, 5109, '市中区'),
	(2601, 510921, 5109, '蓬溪县'),
	(2602, 510922, 5109, '射洪县'),
	(2603, 510923, 5109, '大英县'),
	(2604, 5110, 51, '内江'),
	(2605, 511001, 5110, '市辖区'),
	(2606, 511002, 5110, '市中区'),
	(2607, 511011, 5110, '东兴区'),
	(2608, 511024, 5110, '威远县'),
	(2609, 511025, 5110, '资中县'),
	(2610, 511028, 5110, '隆昌县'),
	(2611, 5111, 51, '乐山'),
	(2612, 511101, 5111, '市辖区'),
	(2613, 511102, 5111, '市中区'),
	(2614, 511111, 5111, '沙湾区'),
	(2615, 511112, 5111, '五通桥区'),
	(2616, 511113, 5111, '金口河区'),
	(2617, 511123, 5111, '犍为县'),
	(2618, 511124, 5111, '井研县'),
	(2619, 511126, 5111, '夹江县'),
	(2620, 511129, 5111, '沐川县'),
	(2621, 511132, 5111, '峨边彝族自治县'),
	(2622, 511133, 5111, '马边彝族自治县'),
	(2623, 511181, 5111, '峨眉山市'),
	(2624, 5113, 51, '南充'),
	(2625, 511301, 5113, '市辖区'),
	(2626, 511302, 5113, '顺庆区'),
	(2627, 511303, 5113, '高坪区'),
	(2628, 511304, 5113, '嘉陵区'),
	(2629, 511321, 5113, '南部县'),
	(2630, 511322, 5113, '营山县'),
	(2631, 511323, 5113, '蓬安县'),
	(2632, 511324, 5113, '仪陇县'),
	(2633, 511325, 5113, '西充县'),
	(2634, 511381, 5113, '阆中市'),
	(2635, 5114, 51, '眉山'),
	(2636, 511401, 5114, '市辖区'),
	(2637, 511402, 5114, '东坡区'),
	(2638, 511421, 5114, '仁寿县'),
	(2639, 511422, 5114, '彭山县'),
	(2640, 511423, 5114, '洪雅县'),
	(2641, 511424, 5114, '丹棱县'),
	(2642, 511425, 5114, '青神县'),
	(2643, 5115, 51, '宜宾'),
	(2644, 511501, 5115, '市辖区'),
	(2645, 511502, 5115, '翠屏区'),
	(2646, 511521, 5115, '宜宾县'),
	(2647, 511522, 5115, '南溪县'),
	(2648, 511523, 5115, '江安县'),
	(2649, 511524, 5115, '长宁县'),
	(2650, 511525, 5115, '高 县'),
	(2651, 511526, 5115, '珙 县'),
	(2652, 511527, 5115, '筠连县'),
	(2653, 511528, 5115, '兴文县'),
	(2654, 511529, 5115, '屏山县'),
	(2655, 5116, 51, '广安'),
	(2656, 511601, 5116, '市辖区'),
	(2657, 511602, 5116, '广安区'),
	(2658, 511621, 5116, '岳池县'),
	(2659, 511622, 5116, '武胜县'),
	(2660, 511623, 5116, '邻水县'),
	(2661, 511681, 5116, '华蓥市'),
	(2662, 5117, 51, '达州'),
	(2663, 511701, 5117, '市辖区'),
	(2664, 511702, 5117, '通川区'),
	(2665, 511721, 5117, '达 县'),
	(2666, 511722, 5117, '宣汉县'),
	(2667, 511723, 5117, '开江县'),
	(2668, 511724, 5117, '大竹县'),
	(2669, 511725, 5117, '渠 县'),
	(2670, 511781, 5117, '万源市'),
	(2671, 5118, 51, '雅安'),
	(2672, 511801, 5118, '市辖区'),
	(2673, 511802, 5118, '雨城区'),
	(2674, 511821, 5118, '名山县'),
	(2675, 511822, 5118, '荥经县'),
	(2676, 511823, 5118, '汉源县'),
	(2677, 511824, 5118, '石棉县'),
	(2678, 511825, 5118, '天全县'),
	(2679, 511826, 5118, '芦山县'),
	(2680, 511827, 5118, '宝兴县'),
	(2681, 5119, 51, '巴中'),
	(2682, 511901, 5119, '市辖区'),
	(2683, 511902, 5119, '巴州区'),
	(2684, 511921, 5119, '通江县'),
	(2685, 511922, 5119, '南江县'),
	(2686, 511923, 5119, '平昌县'),
	(2687, 5120, 51, '资阳'),
	(2688, 512001, 5120, '市辖区'),
	(2689, 512002, 5120, '雁江区'),
	(2690, 512021, 5120, '安岳县'),
	(2691, 512022, 5120, '乐至县'),
	(2692, 512081, 5120, '简阳市'),
	(2693, 5132, 51, '阿坝藏族羌族自治州'),
	(2694, 513221, 5132, '汶川县'),
	(2695, 513222, 5132, '理 县'),
	(2696, 513223, 5132, '茂 县'),
	(2697, 513224, 5132, '松潘县'),
	(2698, 513225, 5132, '九寨沟县'),
	(2699, 513226, 5132, '金川县'),
	(2700, 513227, 5132, '小金县'),
	(2701, 513228, 5132, '黑水县'),
	(2702, 513229, 5132, '马尔康县'),
	(2703, 513230, 5132, '壤塘县'),
	(2704, 513231, 5132, '阿坝县'),
	(2705, 513232, 5132, '若尔盖县'),
	(2706, 513233, 5132, '红原县'),
	(2707, 5133, 51, '甘孜藏族自治州'),
	(2708, 513321, 5133, '康定县'),
	(2709, 513322, 5133, '泸定县'),
	(2710, 513323, 5133, '丹巴县'),
	(2711, 513324, 5133, '九龙县'),
	(2712, 513325, 5133, '雅江县'),
	(2713, 513326, 5133, '道孚县'),
	(2714, 513327, 5133, '炉霍县'),
	(2715, 513328, 5133, '甘孜县'),
	(2716, 513329, 5133, '新龙县'),
	(2717, 513330, 5133, '德格县'),
	(2718, 513331, 5133, '白玉县'),
	(2719, 513332, 5133, '石渠县'),
	(2720, 513333, 5133, '色达县'),
	(2721, 513334, 5133, '理塘县'),
	(2722, 513335, 5133, '巴塘县'),
	(2723, 513336, 5133, '乡城县'),
	(2724, 513337, 5133, '稻城县'),
	(2725, 513338, 5133, '得荣县'),
	(2726, 5134, 51, '凉山彝族自治州'),
	(2727, 513401, 5134, '西昌市'),
	(2728, 513422, 5134, '木里藏族自治县'),
	(2729, 513423, 5134, '盐源县'),
	(2730, 513424, 5134, '德昌县'),
	(2731, 513425, 5134, '会理县'),
	(2732, 513426, 5134, '会东县'),
	(2733, 513427, 5134, '宁南县'),
	(2734, 513428, 5134, '普格县'),
	(2735, 513429, 5134, '布拖县'),
	(2736, 513430, 5134, '金阳县'),
	(2737, 513431, 5134, '昭觉县'),
	(2738, 513432, 5134, '喜德县'),
	(2739, 513433, 5134, '冕宁县'),
	(2740, 513434, 5134, '越西县'),
	(2741, 513435, 5134, '甘洛县'),
	(2742, 513436, 5134, '美姑县'),
	(2743, 513437, 5134, '雷波县'),
	(2744, 52, 0, '贵州'),
	(2745, 5201, 52, '贵阳'),
	(2746, 520101, 5201, '市辖区'),
	(2747, 520102, 5201, '南明区'),
	(2748, 520103, 5201, '云岩区'),
	(2749, 520111, 5201, '花溪区'),
	(2750, 520112, 5201, '乌当区'),
	(2751, 520113, 5201, '白云区'),
	(2752, 520114, 5201, '小河区'),
	(2753, 520121, 5201, '开阳县'),
	(2754, 520122, 5201, '息烽县'),
	(2755, 520123, 5201, '修文县'),
	(2756, 520181, 5201, '清镇市'),
	(2757, 5202, 52, '六盘水'),
	(2758, 520201, 5202, '钟山区'),
	(2759, 520203, 5202, '六枝特区'),
	(2760, 520221, 5202, '水城县'),
	(2761, 520222, 5202, '盘 县'),
	(2762, 5203, 52, '遵义'),
	(2763, 520301, 5203, '市辖区'),
	(2764, 520302, 5203, '红花岗区'),
	(2765, 520321, 5203, '遵义县'),
	(2766, 520322, 5203, '桐梓县'),
	(2767, 520323, 5203, '绥阳县'),
	(2768, 520324, 5203, '正安县'),
	(2769, 520325, 5203, '道真仡佬族苗族自治县'),
	(2770, 520326, 5203, '务川仡佬族苗族自治县'),
	(2771, 520327, 5203, '凤冈县'),
	(2772, 520328, 5203, '湄潭县'),
	(2773, 520329, 5203, '余庆县'),
	(2774, 520330, 5203, '习水县'),
	(2775, 520381, 5203, '赤水市'),
	(2776, 520382, 5203, '仁怀市'),
	(2777, 5204, 52, '安顺'),
	(2778, 520401, 5204, '市辖区'),
	(2779, 520402, 5204, '西秀区'),
	(2780, 520421, 5204, '平坝县'),
	(2781, 520422, 5204, '普定县'),
	(2782, 520423, 5204, '镇宁布依族苗族自治县'),
	(2783, 520424, 5204, '关岭布依族苗族自治县'),
	(2784, 520425, 5204, '紫云苗族布依族自治县'),
	(2785, 5222, 52, '铜仁地区'),
	(2786, 522201, 5222, '铜仁市'),
	(2787, 522222, 5222, '江口县'),
	(2788, 522223, 5222, '玉屏侗族自治县'),
	(2789, 522224, 5222, '石阡县'),
	(2790, 522225, 5222, '思南县'),
	(2791, 522226, 5222, '印江土家族苗族自治县'),
	(2792, 522227, 5222, '德江县'),
	(2793, 522228, 5222, '沿河土家族自治县'),
	(2794, 522229, 5222, '松桃苗族自治县'),
	(2795, 522230, 5222, '万山特区'),
	(2796, 5223, 52, '黔西南布依族苗族自治'),
	(2797, 522301, 5223, '兴义市'),
	(2798, 522322, 5223, '兴仁县'),
	(2799, 522323, 5223, '普安县'),
	(2800, 522324, 5223, '晴隆县'),
	(2801, 522325, 5223, '贞丰县'),
	(2802, 522326, 5223, '望谟县'),
	(2803, 522327, 5223, '册亨县'),
	(2804, 522328, 5223, '安龙县'),
	(2805, 5224, 52, '毕节地区'),
	(2806, 522401, 5224, '毕节市'),
	(2807, 522422, 5224, '大方县'),
	(2808, 522423, 5224, '黔西县'),
	(2809, 522424, 5224, '金沙县'),
	(2810, 522425, 5224, '织金县'),
	(2811, 522426, 5224, '纳雍县'),
	(2812, 522427, 5224, '威宁彝族回族苗族自治'),
	(2813, 522428, 5224, '赫章县'),
	(2814, 5226, 52, '黔东南苗族侗族自治州'),
	(2815, 522601, 5226, '凯里市'),
	(2816, 522622, 5226, '黄平县'),
	(2817, 522623, 5226, '施秉县'),
	(2818, 522624, 5226, '三穗县'),
	(2819, 522625, 5226, '镇远县'),
	(2820, 522626, 5226, '岑巩县'),
	(2821, 522627, 5226, '天柱县'),
	(2822, 522628, 5226, '锦屏县'),
	(2823, 522629, 5226, '剑河县'),
	(2824, 522630, 5226, '台江县'),
	(2825, 522631, 5226, '黎平县'),
	(2826, 522632, 5226, '榕江县'),
	(2827, 522633, 5226, '从江县'),
	(2828, 522634, 5226, '雷山县'),
	(2829, 522635, 5226, '麻江县'),
	(2830, 522636, 5226, '丹寨县'),
	(2831, 5227, 52, '黔南布依族苗族自治州'),
	(2832, 522701, 5227, '都匀市'),
	(2833, 522702, 5227, '福泉市'),
	(2834, 522722, 5227, '荔波县'),
	(2835, 522723, 5227, '贵定县'),
	(2836, 522725, 5227, '瓮安县'),
	(2837, 522726, 5227, '独山县'),
	(2838, 522727, 5227, '平塘县'),
	(2839, 522728, 5227, '罗甸县'),
	(2840, 522729, 5227, '长顺县'),
	(2841, 522730, 5227, '龙里县'),
	(2842, 522731, 5227, '惠水县'),
	(2843, 522732, 5227, '三都水族自治县'),
	(2844, 53, 0, '云南'),
	(2845, 5301, 53, '昆明'),
	(2846, 530101, 5301, '市辖区'),
	(2847, 530102, 5301, '五华区'),
	(2848, 530103, 5301, '盘龙区'),
	(2849, 530111, 5301, '官渡区'),
	(2850, 530112, 5301, '西山区'),
	(2851, 530113, 5301, '东川区'),
	(2852, 530121, 5301, '呈贡县'),
	(2853, 530122, 5301, '晋宁县'),
	(2854, 530124, 5301, '富民县'),
	(2855, 530125, 5301, '宜良县'),
	(2856, 530126, 5301, '石林彝族自治县'),
	(2857, 530127, 5301, '嵩明县'),
	(2858, 530128, 5301, '禄劝彝族苗族自治县'),
	(2859, 530129, 5301, '寻甸回族彝族自治县'),
	(2860, 530181, 5301, '安宁市'),
	(2861, 5303, 53, '曲靖'),
	(2862, 530301, 5303, '市辖区'),
	(2863, 530302, 5303, '麒麟区'),
	(2864, 530321, 5303, '马龙县'),
	(2865, 530322, 5303, '陆良县'),
	(2866, 530323, 5303, '师宗县'),
	(2867, 530324, 5303, '罗平县'),
	(2868, 530325, 5303, '富源县'),
	(2869, 530326, 5303, '会泽县'),
	(2870, 530328, 5303, '沾益县'),
	(2871, 530381, 5303, '宣威市'),
	(2872, 5304, 53, '玉溪'),
	(2873, 530401, 5304, '市辖区'),
	(2874, 530402, 5304, '红塔区'),
	(2875, 530421, 5304, '江川县'),
	(2876, 530422, 5304, '澄江县'),
	(2877, 530423, 5304, '通海县'),
	(2878, 530424, 5304, '华宁县'),
	(2879, 530425, 5304, '易门县'),
	(2880, 530426, 5304, '峨山彝族自治县'),
	(2881, 530427, 5304, '新平彝族傣族自治县'),
	(2882, 530428, 5304, '元江哈尼族彝族傣族自'),
	(2883, 5305, 53, '保山'),
	(2884, 530501, 5305, '市辖区'),
	(2885, 530502, 5305, '隆阳区'),
	(2886, 530521, 5305, '施甸县'),
	(2887, 530522, 5305, '腾冲县'),
	(2888, 530523, 5305, '龙陵县'),
	(2889, 530524, 5305, '昌宁县'),
	(2890, 5321, 53, '昭通地区'),
	(2891, 532101, 5321, '昭通市'),
	(2892, 532122, 5321, '鲁甸县'),
	(2893, 532123, 5321, '巧家县'),
	(2894, 532124, 5321, '盐津县'),
	(2895, 532125, 5321, '大关县'),
	(2896, 532126, 5321, '永善县'),
	(2897, 532127, 5321, '绥江县'),
	(2898, 532128, 5321, '镇雄县'),
	(2899, 532129, 5321, '彝良县'),
	(2900, 532130, 5321, '威信县'),
	(2901, 532131, 5321, '水富县'),
	(2902, 5323, 53, '楚雄彝族自治州'),
	(2903, 532301, 5323, '楚雄市'),
	(2904, 532322, 5323, '双柏县'),
	(2905, 532323, 5323, '牟定县'),
	(2906, 532324, 5323, '南华县'),
	(2907, 532325, 5323, '姚安县'),
	(2908, 532326, 5323, '大姚县'),
	(2909, 532327, 5323, '永仁县'),
	(2910, 532328, 5323, '元谋县'),
	(2911, 532329, 5323, '武定县'),
	(2912, 532331, 5323, '禄丰县'),
	(2913, 5325, 53, '红河哈尼族彝族自治州'),
	(2914, 532501, 5325, '个旧市'),
	(2915, 532502, 5325, '开远市'),
	(2916, 532522, 5325, '蒙自县'),
	(2917, 532523, 5325, '屏边苗族自治县'),
	(2918, 532524, 5325, '建水县'),
	(2919, 532525, 5325, '石屏县'),
	(2920, 532526, 5325, '弥勒县'),
	(2921, 532527, 5325, '泸西县'),
	(2922, 532528, 5325, '元阳县'),
	(2923, 532529, 5325, '红河县'),
	(2924, 532530, 5325, '金平苗族瑶族傣族自治'),
	(2925, 532531, 5325, '绿春县'),
	(2926, 532532, 5325, '河口瑶族自治县'),
	(2927, 5326, 53, '文山壮族苗族自治州'),
	(2928, 532621, 5326, '文山县'),
	(2929, 532622, 5326, '砚山县'),
	(2930, 532623, 5326, '西畴县'),
	(2931, 532624, 5326, '麻栗坡县'),
	(2932, 532625, 5326, '马关县'),
	(2933, 532626, 5326, '丘北县'),
	(2934, 532627, 5326, '广南县'),
	(2935, 532628, 5326, '富宁县'),
	(2936, 5327, 53, '思茅地区'),
	(2937, 532701, 5327, '思茅市'),
	(2938, 532722, 5327, '普洱哈尼族彝族自治县'),
	(2939, 532723, 5327, '墨江哈尼族自治县'),
	(2940, 532724, 5327, '景东彝族自治县'),
	(2941, 532725, 5327, '景谷傣族彝族自治县'),
	(2942, 532726, 5327, '镇沅彝族哈尼族拉祜族'),
	(2943, 532727, 5327, '江城哈尼族彝族自治县'),
	(2944, 532728, 5327, '孟连傣族拉祜族佤族自'),
	(2945, 532729, 5327, '澜沧拉祜族自治县'),
	(2946, 532730, 5327, '西盟佤族自治县'),
	(2947, 5328, 53, '西双版纳傣族自治州'),
	(2948, 532801, 5328, '景洪市'),
	(2949, 532822, 5328, '勐海县'),
	(2950, 532823, 5328, '勐腊县'),
	(2951, 5329, 53, '大理白族自治州'),
	(2952, 532901, 5329, '大理市'),
	(2953, 532922, 5329, '漾濞彝族自治县'),
	(2954, 532923, 5329, '祥云县'),
	(2955, 532924, 5329, '宾川县'),
	(2956, 532925, 5329, '弥渡县'),
	(2957, 532926, 5329, '南涧彝族自治县'),
	(2958, 532927, 5329, '巍山彝族回族自治县'),
	(2959, 532928, 5329, '永平县'),
	(2960, 532929, 5329, '云龙县'),
	(2961, 532930, 5329, '洱源县'),
	(2962, 532931, 5329, '剑川县'),
	(2963, 532932, 5329, '鹤庆县'),
	(2964, 5331, 53, '德宏傣族景颇族自治州'),
	(2965, 533102, 5331, '瑞丽市'),
	(2966, 533103, 5331, '潞西市'),
	(2967, 533122, 5331, '梁河县'),
	(2968, 533123, 5331, '盈江县'),
	(2969, 533124, 5331, '陇川县'),
	(2970, 5332, 53, '丽江地区'),
	(2971, 533221, 5332, '丽江纳西族自治县'),
	(2972, 533222, 5332, '永胜县'),
	(2973, 533223, 5332, '华坪县'),
	(2974, 533224, 5332, '宁蒗彝族自治县'),
	(2975, 5333, 53, '怒江傈僳族自治州'),
	(2976, 533321, 5333, '泸水县'),
	(2977, 533323, 5333, '福贡县'),
	(2978, 533324, 5333, '贡山独龙族怒族自治县'),
	(2979, 533325, 5333, '兰坪白族普米族自治县'),
	(2980, 5334, 53, '迪庆藏族自治州'),
	(2981, 533421, 5334, '中甸县'),
	(2982, 533422, 5334, '德钦县'),
	(2983, 533423, 5334, '维西傈僳族自治县'),
	(2984, 5335, 53, '临沧地区'),
	(2985, 533521, 5335, '临沧县'),
	(2986, 533522, 5335, '凤庆县'),
	(2987, 533523, 5335, '云 县'),
	(2988, 533524, 5335, '永德县'),
	(2989, 533525, 5335, '镇康县'),
	(2990, 533526, 5335, '双江拉祜族佤族布朗族'),
	(2991, 533527, 5335, '耿马傣族佤族自治县'),
	(2992, 533528, 5335, '沧源佤族自治县'),
	(2993, 54, 0, '西藏'),
	(2994, 5401, 54, '拉萨'),
	(2995, 540101, 5401, '市辖区'),
	(2996, 540102, 5401, '城关区'),
	(2997, 540121, 5401, '林周县'),
	(2998, 540122, 5401, '当雄县'),
	(2999, 540123, 5401, '尼木县'),
	(3000, 540124, 5401, '曲水县'),
	(3001, 540125, 5401, '堆龙德庆县'),
	(3002, 540126, 5401, '达孜县'),
	(3003, 540127, 5401, '墨竹工卡县'),
	(3004, 5421, 54, '昌都地区'),
	(3005, 542121, 5421, '昌都县'),
	(3006, 542122, 5421, '江达县'),
	(3007, 542123, 5421, '贡觉县'),
	(3008, 542124, 5421, '类乌齐县'),
	(3009, 542125, 5421, '丁青县'),
	(3010, 542126, 5421, '察雅县'),
	(3011, 542127, 5421, '八宿县'),
	(3012, 542128, 5421, '左贡县'),
	(3013, 542129, 5421, '芒康县'),
	(3014, 542132, 5421, '洛隆县'),
	(3015, 542133, 5421, '边坝县'),
	(3016, 5422, 54, '山南地区'),
	(3017, 542221, 5422, '乃东县'),
	(3018, 542222, 5422, '扎囊县'),
	(3019, 542223, 5422, '贡嘎县'),
	(3020, 542224, 5422, '桑日县'),
	(3021, 542225, 5422, '琼结县'),
	(3022, 542226, 5422, '曲松县'),
	(3023, 542227, 5422, '措美县'),
	(3024, 542228, 5422, '洛扎县'),
	(3025, 542229, 5422, '加查县'),
	(3026, 542231, 5422, '隆子县'),
	(3027, 542232, 5422, '错那县'),
	(3028, 542233, 5422, '浪卡子县'),
	(3029, 5423, 54, '日喀则地区'),
	(3030, 542301, 5423, '日喀则市'),
	(3031, 542322, 5423, '南木林县'),
	(3032, 542323, 5423, '江孜县'),
	(3033, 542324, 5423, '定日县'),
	(3034, 542325, 5423, '萨迦县'),
	(3035, 542326, 5423, '拉孜县'),
	(3036, 542327, 5423, '昂仁县'),
	(3037, 542328, 5423, '谢通门县'),
	(3038, 542329, 5423, '白朗县'),
	(3039, 542330, 5423, '仁布县'),
	(3040, 542331, 5423, '康马县'),
	(3041, 542332, 5423, '定结县'),
	(3042, 542333, 5423, '仲巴县'),
	(3043, 542334, 5423, '亚东县'),
	(3044, 542335, 5423, '吉隆县'),
	(3045, 542336, 5423, '聂拉木县'),
	(3046, 542337, 5423, '萨嘎县'),
	(3047, 542338, 5423, '岗巴县'),
	(3048, 5424, 54, '那曲地区'),
	(3049, 542421, 5424, '那曲县'),
	(3050, 542422, 5424, '嘉黎县'),
	(3051, 542423, 5424, '比如县'),
	(3052, 542424, 5424, '聂荣县'),
	(3053, 542425, 5424, '安多县'),
	(3054, 542426, 5424, '申扎县'),
	(3055, 542427, 5424, '索 县'),
	(3056, 542428, 5424, '班戈县'),
	(3057, 542429, 5424, '巴青县'),
	(3058, 542430, 5424, '尼玛县'),
	(3059, 5425, 54, '阿里地区'),
	(3060, 542521, 5425, '普兰县'),
	(3061, 542522, 5425, '札达县'),
	(3062, 542523, 5425, '噶尔县'),
	(3063, 542524, 5425, '日土县'),
	(3064, 542525, 5425, '革吉县'),
	(3065, 542526, 5425, '改则县'),
	(3066, 542527, 5425, '措勤县'),
	(3067, 5426, 54, '林芝地区'),
	(3068, 542621, 5426, '林芝县'),
	(3069, 542622, 5426, '工布江达县'),
	(3070, 542623, 5426, '米林县'),
	(3071, 542624, 5426, '墨脱县'),
	(3072, 542625, 5426, '波密县'),
	(3073, 542626, 5426, '察隅县'),
	(3074, 542627, 5426, '朗 县'),
	(3075, 61, 0, '陕西'),
	(3076, 6101, 61, '西安'),
	(3077, 610101, 6101, '市辖区'),
	(3078, 610102, 6101, '新城区'),
	(3079, 610103, 6101, '碑林区'),
	(3080, 610104, 6101, '莲湖区'),
	(3081, 610111, 6101, '灞桥区'),
	(3082, 610112, 6101, '未央区'),
	(3083, 610113, 6101, '雁塔区'),
	(3084, 610114, 6101, '阎良区'),
	(3085, 610115, 6101, '临潼区'),
	(3086, 610121, 6101, '长安县'),
	(3087, 610122, 6101, '蓝田县'),
	(3088, 610124, 6101, '周至县'),
	(3089, 610125, 6101, '户 县'),
	(3090, 610126, 6101, '高陵县'),
	(3091, 6102, 61, '铜川'),
	(3092, 610201, 6102, '市辖区'),
	(3093, 610202, 6102, '王益区'),
	(3094, 610203, 6102, '印台区'),
	(3095, 610221, 6102, '耀 县'),
	(3096, 610222, 6102, '宜君县'),
	(3097, 6103, 61, '宝鸡'),
	(3098, 610301, 6103, '市辖区'),
	(3099, 610302, 6103, '渭滨区'),
	(3100, 610303, 6103, '金台区'),
	(3101, 610321, 6103, '宝鸡县'),
	(3102, 610322, 6103, '凤翔县'),
	(3103, 610323, 6103, '岐山县'),
	(3104, 610324, 6103, '扶风县'),
	(3105, 610326, 6103, '眉 县'),
	(3106, 610327, 6103, '陇 县'),
	(3107, 610328, 6103, '千阳县'),
	(3108, 610329, 6103, '麟游县'),
	(3109, 610330, 6103, '凤 县'),
	(3110, 610331, 6103, '太白县'),
	(3111, 6104, 61, '咸阳'),
	(3112, 610401, 6104, '市辖区'),
	(3113, 610402, 6104, '秦都区'),
	(3114, 610403, 6104, '杨陵区'),
	(3115, 610404, 6104, '渭城区'),
	(3116, 610422, 6104, '三原县'),
	(3117, 610423, 6104, '泾阳县'),
	(3118, 610424, 6104, '乾 县'),
	(3119, 610425, 6104, '礼泉县'),
	(3120, 610426, 6104, '永寿县'),
	(3121, 610427, 6104, '彬州市'),
	(3122, 610428, 6104, '长武县'),
	(3123, 610429, 6104, '旬邑县'),
	(3124, 610430, 6104, '淳化县'),
	(3125, 610431, 6104, '武功县'),
	(3126, 610481, 6104, '兴平市'),
	(3127, 6105, 61, '渭南'),
	(3128, 610501, 6105, '市辖区'),
	(3129, 610502, 6105, '临渭区'),
	(3130, 610521, 6105, '华 县'),
	(3131, 610522, 6105, '潼关县'),
	(3132, 610523, 6105, '大荔县'),
	(3133, 610524, 6105, '合阳县'),
	(3134, 610525, 6105, '澄城县'),
	(3135, 610526, 6105, '蒲城县'),
	(3136, 610527, 6105, '白水县'),
	(3137, 610528, 6105, '富平县'),
	(3138, 610581, 6105, '韩城市'),
	(3139, 610582, 6105, '华阴市'),
	(3140, 6106, 61, '延安'),
	(3141, 610601, 6106, '市辖区'),
	(3142, 610602, 6106, '宝塔区'),
	(3143, 610621, 6106, '延长县'),
	(3144, 610622, 6106, '延川县'),
	(3145, 610623, 6106, '子长县'),
	(3146, 610624, 6106, '安塞县'),
	(3147, 610625, 6106, '志丹县'),
	(3148, 610626, 6106, '吴旗县'),
	(3149, 610627, 6106, '甘泉县'),
	(3150, 610628, 6106, '富 县'),
	(3151, 610629, 6106, '洛川县'),
	(3152, 610630, 6106, '宜川县'),
	(3153, 610631, 6106, '黄龙县'),
	(3154, 610632, 6106, '黄陵县'),
	(3155, 6107, 61, '汉中'),
	(3156, 610701, 6107, '市辖区'),
	(3157, 610702, 6107, '汉台区'),
	(3158, 610721, 6107, '南郑县'),
	(3159, 610722, 6107, '城固县'),
	(3160, 610723, 6107, '洋 县'),
	(3161, 610724, 6107, '西乡县'),
	(3162, 610725, 6107, '勉 县'),
	(3163, 610726, 6107, '宁强县'),
	(3164, 610727, 6107, '略阳县'),
	(3165, 610728, 6107, '镇巴县'),
	(3166, 610729, 6107, '留坝县'),
	(3167, 610730, 6107, '佛坪县'),
	(3168, 6108, 61, '榆林'),
	(3169, 610801, 6108, '市辖区'),
	(3170, 610802, 6108, '榆阳区'),
	(3171, 610821, 6108, '神木县'),
	(3172, 610822, 6108, '府谷县'),
	(3173, 610823, 6108, '横山县'),
	(3174, 610824, 6108, '靖边县'),
	(3175, 610825, 6108, '定边县'),
	(3176, 610826, 6108, '绥德县'),
	(3177, 610827, 6108, '米脂县'),
	(3178, 610828, 6108, '佳 县'),
	(3179, 610829, 6108, '吴堡县'),
	(3180, 610830, 6108, '清涧县'),
	(3181, 610831, 6108, '子洲县'),
	(3182, 6109, 61, '安康'),
	(3183, 610901, 6109, '市辖区'),
	(3184, 610902, 6109, '汉滨区'),
	(3185, 610921, 6109, '汉阴县'),
	(3186, 610922, 6109, '石泉县'),
	(3187, 610923, 6109, '宁陕县'),
	(3188, 610924, 6109, '紫阳县'),
	(3189, 610925, 6109, '岚皋县'),
	(3190, 610926, 6109, '平利县'),
	(3191, 610927, 6109, '镇坪县'),
	(3192, 610928, 6109, '旬阳县'),
	(3193, 610929, 6109, '白河县'),
	(3194, 6125, 61, '商洛地区'),
	(3195, 612501, 6125, '商州市'),
	(3196, 612522, 6125, '洛南县'),
	(3197, 612523, 6125, '丹凤县'),
	(3198, 612524, 6125, '商南县'),
	(3199, 612525, 6125, '山阳县'),
	(3200, 612526, 6125, '镇安县'),
	(3201, 612527, 6125, '柞水县'),
	(3202, 62, 0, '甘肃'),
	(3203, 6201, 62, '兰州'),
	(3204, 620101, 6201, '市辖区'),
	(3205, 620102, 6201, '城关区'),
	(3206, 620103, 6201, '七里河区'),
	(3207, 620104, 6201, '西固区'),
	(3208, 620105, 6201, '安宁区'),
	(3209, 620111, 6201, '红古区'),
	(3210, 620121, 6201, '永登县'),
	(3211, 620122, 6201, '皋兰县'),
	(3212, 620123, 6201, '榆中县'),
	(3213, 6202, 62, '嘉峪关'),
	(3214, 620201, 6202, '市辖区'),
	(3215, 6203, 62, '金昌'),
	(3216, 620301, 6203, '市辖区'),
	(3217, 620302, 6203, '金川区'),
	(3218, 620321, 6203, '永昌县'),
	(3219, 6204, 62, '白银'),
	(3220, 620401, 6204, '市辖区'),
	(3221, 620402, 6204, '白银区'),
	(3222, 620403, 6204, '平川区'),
	(3223, 620421, 6204, '靖远县'),
	(3224, 620422, 6204, '会宁县'),
	(3225, 620423, 6204, '景泰县'),
	(3226, 6205, 62, '天水'),
	(3227, 620501, 6205, '市辖区'),
	(3228, 620502, 6205, '秦城区'),
	(3229, 620503, 6205, '北道区'),
	(3230, 620521, 6205, '清水县'),
	(3231, 620522, 6205, '秦安县'),
	(3232, 620523, 6205, '甘谷县'),
	(3233, 620524, 6205, '武山县'),
	(3234, 620525, 6205, '张家川回族自治县'),
	(3235, 6221, 62, '酒泉地区'),
	(3236, 622101, 6221, '玉门市'),
	(3237, 622102, 6221, '酒泉市'),
	(3238, 622103, 6221, '敦煌市'),
	(3239, 622123, 6221, '金塔县'),
	(3240, 622124, 6221, '肃北蒙古族自治县'),
	(3241, 622125, 6221, '阿克塞哈萨克族自治县'),
	(3242, 622126, 6221, '安西县'),
	(3243, 6222, 62, '张掖地区'),
	(3244, 622201, 6222, '张掖市'),
	(3245, 622222, 6222, '肃南裕固族自治县'),
	(3246, 622223, 6222, '民乐县'),
	(3247, 622224, 6222, '临泽县'),
	(3248, 622225, 6222, '高台县'),
	(3249, 622226, 6222, '山丹县'),
	(3250, 6223, 62, '武威地区'),
	(3251, 622301, 6223, '武威市'),
	(3252, 622322, 6223, '民勤县'),
	(3253, 622323, 6223, '古浪县'),
	(3254, 622326, 6223, '天祝藏族自治县'),
	(3255, 6224, 62, '定西地区'),
	(3256, 622421, 6224, '定西县'),
	(3257, 622424, 6224, '通渭县'),
	(3258, 622425, 6224, '陇西县'),
	(3259, 622426, 6224, '渭源县'),
	(3260, 622427, 6224, '临洮县'),
	(3261, 622428, 6224, '漳 县'),
	(3262, 622429, 6224, '岷 县'),
	(3263, 6226, 62, '陇南地区'),
	(3264, 622621, 6226, '武都县'),
	(3265, 622623, 6226, '宕昌县'),
	(3266, 622624, 6226, '成 县'),
	(3267, 622625, 6226, '康 县'),
	(3268, 622626, 6226, '文 县'),
	(3269, 622627, 6226, '西和县'),
	(3270, 622628, 6226, '礼 县'),
	(3271, 622629, 6226, '两当县'),
	(3272, 622630, 6226, '徽 县'),
	(3273, 6227, 62, '平凉地区'),
	(3274, 622701, 6227, '平凉市'),
	(3275, 622722, 6227, '泾川县'),
	(3276, 622723, 6227, '灵台县'),
	(3277, 622724, 6227, '崇信县'),
	(3278, 622725, 6227, '华亭县'),
	(3279, 622726, 6227, '庄浪县'),
	(3280, 622727, 6227, '静宁县'),
	(3281, 6228, 62, '庆阳地区'),
	(3282, 622801, 6228, '西峰市'),
	(3283, 622821, 6228, '庆阳县'),
	(3284, 622822, 6228, '环 县'),
	(3285, 622823, 6228, '华池县'),
	(3286, 622824, 6228, '合水县'),
	(3287, 622825, 6228, '正宁县'),
	(3288, 622826, 6228, '宁 县'),
	(3289, 622827, 6228, '镇原县'),
	(3290, 6229, 62, '临夏回族自治州'),
	(3291, 622901, 6229, '临夏市'),
	(3292, 622921, 6229, '临夏县'),
	(3293, 622922, 6229, '康乐县'),
	(3294, 622923, 6229, '永靖县'),
	(3295, 622924, 6229, '广河县'),
	(3296, 622925, 6229, '和政县'),
	(3297, 622926, 6229, '东乡族自治县'),
	(3298, 622927, 6229, '积石山保安族东乡族撒'),
	(3299, 6230, 62, '甘南藏族自治州'),
	(3300, 623001, 6230, '合作市'),
	(3301, 623021, 6230, '临潭县'),
	(3302, 623022, 6230, '卓尼县'),
	(3303, 623023, 6230, '舟曲县'),
	(3304, 623024, 6230, '迭部县'),
	(3305, 623025, 6230, '玛曲县'),
	(3306, 623026, 6230, '碌曲县'),
	(3307, 623027, 6230, '夏河县'),
	(3308, 63, 0, '青海'),
	(3309, 6301, 63, '西宁'),
	(3310, 630101, 6301, '市辖区'),
	(3311, 630102, 6301, '城东区'),
	(3312, 630103, 6301, '城中区'),
	(3313, 630104, 6301, '城西区'),
	(3314, 630105, 6301, '城北区'),
	(3315, 630121, 6301, '大通回族土族自治县'),
	(3316, 630122, 6301, '湟中县'),
	(3317, 630123, 6301, '湟源县'),
	(3318, 6321, 63, '海东地区'),
	(3319, 632121, 6321, '平安县'),
	(3320, 632122, 6321, '民和回族土族自治县'),
	(3321, 632123, 6321, '乐都县'),
	(3322, 632126, 6321, '互助土族自治县'),
	(3323, 632127, 6321, '化隆回族自治县'),
	(3324, 632128, 6321, '循化撒拉族自治县'),
	(3325, 6322, 63, '海北藏族自治州'),
	(3326, 632221, 6322, '门源回族自治县'),
	(3327, 632222, 6322, '祁连县'),
	(3328, 632223, 6322, '海晏县'),
	(3329, 632224, 6322, '刚察县'),
	(3330, 6323, 63, '黄南藏族自治州'),
	(3331, 632321, 6323, '同仁县'),
	(3332, 632322, 6323, '尖扎县'),
	(3333, 632323, 6323, '泽库县'),
	(3334, 632324, 6323, '河南蒙古族自治县'),
	(3335, 6325, 63, '海南藏族自治州'),
	(3336, 632521, 6325, '共和县'),
	(3337, 632522, 6325, '同德县'),
	(3338, 632523, 6325, '贵德县'),
	(3339, 632524, 6325, '兴海县'),
	(3340, 632525, 6325, '贵南县'),
	(3341, 6326, 63, '果洛藏族自治州'),
	(3342, 632621, 6326, '玛沁县'),
	(3343, 632622, 6326, '班玛县'),
	(3344, 632623, 6326, '甘德县'),
	(3345, 632624, 6326, '达日县'),
	(3346, 632625, 6326, '久治县'),
	(3347, 632626, 6326, '玛多县'),
	(3348, 6327, 63, '玉树藏族自治州'),
	(3349, 632721, 6327, '玉树县'),
	(3350, 632722, 6327, '杂多县'),
	(3351, 632723, 6327, '称多县'),
	(3352, 632724, 6327, '治多县'),
	(3353, 632725, 6327, '囊谦县'),
	(3354, 632726, 6327, '曲麻莱县'),
	(3355, 6328, 63, '海西蒙古族藏族自治州'),
	(3356, 632801, 6328, '格尔木市'),
	(3357, 632802, 6328, '德令哈市'),
	(3358, 632821, 6328, '乌兰县'),
	(3359, 632822, 6328, '都兰县'),
	(3360, 632823, 6328, '天峻县'),
	(3361, 64, 0, '宁夏回族自治区'),
	(3362, 6401, 64, '银川'),
	(3363, 640101, 6401, '市辖区'),
	(3364, 640102, 6401, '城 区'),
	(3365, 640103, 6401, '新城区'),
	(3366, 640111, 6401, '郊 区'),
	(3367, 640121, 6401, '永宁县'),
	(3368, 640122, 6401, '贺兰县'),
	(3369, 6402, 64, '石嘴山'),
	(3370, 640201, 6402, '市辖区'),
	(3371, 640202, 6402, '大武口区'),
	(3372, 640203, 6402, '石嘴山区'),
	(3373, 640204, 6402, '石炭井区'),
	(3374, 640221, 6402, '平罗县'),
	(3375, 640222, 6402, '陶乐县'),
	(3376, 640223, 6402, '惠农县'),
	(3377, 6403, 64, '吴忠'),
	(3378, 640301, 6403, '市辖区'),
	(3379, 640302, 6403, '利通区'),
	(3380, 640321, 6403, '中卫县'),
	(3381, 640322, 6403, '中宁县'),
	(3382, 640323, 6403, '盐池县'),
	(3383, 640324, 6403, '同心县'),
	(3384, 640381, 6403, '青铜峡市'),
	(3385, 640382, 6403, '灵武市'),
	(3386, 6422, 64, '固原地区'),
	(3387, 642221, 6422, '固原县'),
	(3388, 642222, 6422, '海原县'),
	(3389, 642223, 6422, '西吉县'),
	(3390, 642224, 6422, '隆德县'),
	(3391, 642225, 6422, '泾源县'),
	(3392, 642226, 6422, '彭阳县'),
	(3393, 65, 0, '新疆维吾尔自治区'),
	(3394, 6501, 65, '乌鲁木齐'),
	(3395, 650101, 6501, '市辖区'),
	(3396, 650102, 6501, '天山区'),
	(3397, 650103, 6501, '沙依巴克区'),
	(3398, 650104, 6501, '新市区'),
	(3399, 650105, 6501, '水磨沟区'),
	(3400, 650106, 6501, '头屯河区'),
	(3401, 650107, 6501, '南泉区'),
	(3402, 650108, 6501, '东山区'),
	(3403, 650121, 6501, '乌鲁木齐县'),
	(3404, 6502, 65, '克拉玛依'),
	(3405, 650201, 6502, '市辖区'),
	(3406, 650202, 6502, '独山子区'),
	(3407, 650203, 6502, '克拉玛依区'),
	(3408, 650204, 6502, '白碱滩区'),
	(3409, 650205, 6502, '乌尔禾区'),
	(3410, 6521, 65, '吐鲁番地区'),
	(3411, 652101, 6521, '吐鲁番市'),
	(3412, 652122, 6521, '鄯善县'),
	(3413, 652123, 6521, '托克逊县'),
	(3414, 6522, 65, '哈密地区'),
	(3415, 652201, 6522, '哈密市'),
	(3416, 652222, 6522, '巴里坤哈萨克自治县'),
	(3417, 652223, 6522, '伊吾县'),
	(3418, 6523, 65, '昌吉回族自治州'),
	(3419, 652301, 6523, '昌吉市'),
	(3420, 652302, 6523, '阜康市'),
	(3421, 652303, 6523, '米泉市'),
	(3422, 652323, 6523, '呼图壁县'),
	(3423, 652324, 6523, '玛纳斯县'),
	(3424, 652325, 6523, '奇台县'),
	(3425, 652327, 6523, '吉木萨尔县'),
	(3426, 652328, 6523, '木垒哈萨克自治县'),
	(3427, 6527, 65, '博尔塔拉蒙古自治州'),
	(3428, 652701, 6527, '博乐市'),
	(3429, 652722, 6527, '精河县'),
	(3430, 652723, 6527, '温泉县'),
	(3431, 6528, 65, '巴音郭楞蒙古自治州'),
	(3432, 652801, 6528, '库尔勒市'),
	(3433, 652822, 6528, '轮台县'),
	(3434, 652823, 6528, '尉犁县'),
	(3435, 652824, 6528, '若羌县'),
	(3436, 652825, 6528, '且末县'),
	(3437, 652826, 6528, '焉耆回族自治县'),
	(3438, 652827, 6528, '和静县'),
	(3439, 652828, 6528, '和硕县'),
	(3440, 652829, 6528, '博湖县'),
	(3441, 6529, 65, '阿克苏地区'),
	(3442, 652901, 6529, '阿克苏市'),
	(3443, 652922, 6529, '温宿县'),
	(3444, 652923, 6529, '库车县'),
	(3445, 652924, 6529, '沙雅县'),
	(3446, 652925, 6529, '新和县'),
	(3447, 652926, 6529, '拜城县'),
	(3448, 652927, 6529, '乌什县'),
	(3449, 652928, 6529, '阿瓦提县'),
	(3450, 652929, 6529, '柯坪县'),
	(3451, 6530, 65, '克孜勒苏柯尔克孜自治'),
	(3452, 653001, 6530, '阿图什市'),
	(3453, 653022, 6530, '阿克陶县'),
	(3454, 653023, 6530, '阿合奇县'),
	(3455, 653024, 6530, '乌恰县'),
	(3456, 6531, 65, '喀什地区'),
	(3457, 653101, 6531, '喀什市'),
	(3458, 653121, 6531, '疏附县'),
	(3459, 653122, 6531, '疏勒县'),
	(3460, 653123, 6531, '英吉沙县'),
	(3461, 653124, 6531, '泽普县'),
	(3462, 653125, 6531, '莎车县'),
	(3463, 653126, 6531, '叶城县'),
	(3464, 653127, 6531, '麦盖提县'),
	(3465, 653128, 6531, '岳普湖县'),
	(3466, 653129, 6531, '伽师县'),
	(3467, 653130, 6531, '巴楚县'),
	(3468, 653131, 6531, '塔什库尔干塔吉克自治'),
	(3469, 6532, 65, '和田地区'),
	(3470, 653201, 6532, '和田市'),
	(3471, 653221, 6532, '和田县'),
	(3472, 653222, 6532, '墨玉县'),
	(3473, 653223, 6532, '皮山县'),
	(3474, 653224, 6532, '洛浦县'),
	(3475, 653225, 6532, '策勒县'),
	(3476, 653226, 6532, '于田县'),
	(3477, 653227, 6532, '民丰县'),
	(3478, 6540, 65, '伊犁哈萨克自治州'),
	(3479, 654001, 6540, '奎屯市'),
	(3480, 6541, 65, '伊犁地区'),
	(3481, 654101, 6541, '伊宁市'),
	(3482, 654121, 6541, '伊宁县'),
	(3483, 654122, 6541, '察布查尔锡伯自治县'),
	(3484, 654123, 6541, '霍城县'),
	(3485, 654124, 6541, '巩留县'),
	(3486, 654125, 6541, '新源县'),
	(3487, 654126, 6541, '昭苏县'),
	(3488, 654127, 6541, '特克斯县'),
	(3489, 654128, 6541, '尼勒克县'),
	(3490, 6542, 65, '塔城地区'),
	(3491, 654201, 6542, '塔城市'),
	(3492, 654202, 6542, '乌苏市'),
	(3493, 654221, 6542, '额敏县'),
	(3494, 654223, 6542, '沙湾县'),
	(3495, 654224, 6542, '托里县'),
	(3496, 654225, 6542, '裕民县'),
	(3497, 654226, 6542, '和布克赛尔蒙古自治县'),
	(3498, 6543, 65, '阿勒泰地区'),
	(3499, 654301, 6543, '阿勒泰市'),
	(3500, 654321, 6543, '布尔津县'),
	(3501, 654322, 6543, '富蕴县'),
	(3502, 654323, 6543, '福海县'),
	(3503, 654324, 6543, '哈巴河县'),
	(3504, 654325, 6543, '青河县'),
	(3505, 654326, 6543, '吉木乃县'),
	(3506, 6590, 65, '省直辖行政单位'),
	(3507, 659001, 6590, '石河子市'),
	(3508, 71, 0, '台湾'),
	(3509, 7101, 71, '台湾市辖'),
	(3510, 710101, 7101, '请选择'),
	(3511, 710102, 7101, '市辖区'),
	(3512, 710103, 7101, '台湾省'),
	(3513, 81, 0, '香港'),
	(3514, 8101, 81, '香港特区'),
	(3515, 810101, 8101, '请选择'),
	(3516, 810102, 8101, '市辖区'),
	(3517, 810103, 8101, '香港特区'),
	(3518, 91, 0, '澳门'),
	(3519, 9101, 91, '澳门特区'),
	(3520, 910101, 9101, '请选择'),
	(3521, 910102, 9101, '市辖区'),
	(3522, 910103, 9101, '澳门特区');
/*!40000 ALTER TABLE `ums_area` ENABLE KEYS */;

-- Dumping structure for table fengmao01.ums_follow_product
DROP TABLE IF EXISTS `ums_follow_product`;
CREATE TABLE IF NOT EXISTS `ums_follow_product` (
  `id` int(10) NOT NULL AUTO_INCREMENT,
  `user_id` bigint(10) NOT NULL COMMENT '用户id',
  `product_id` bigint(10) NOT NULL COMMENT '收藏的商品id',
  PRIMARY KEY (`id`) USING BTREE
) ENGINE=InnoDB AUTO_INCREMENT=2 DEFAULT CHARSET=utf8 ROW_FORMAT=COMPACT;

-- Dumping data for table fengmao01.ums_follow_product: ~0 rows (approximately)
/*!40000 ALTER TABLE `ums_follow_product` DISABLE KEYS */;
REPLACE INTO `ums_follow_product` (`id`, `user_id`, `product_id`) VALUES
	(1, 2, 1);
/*!40000 ALTER TABLE `ums_follow_product` ENABLE KEYS */;

-- Dumping structure for table fengmao01.ums_follow_user
DROP TABLE IF EXISTS `ums_follow_user`;
CREATE TABLE IF NOT EXISTS `ums_follow_user` (
  `id` int(10) NOT NULL AUTO_INCREMENT,
  `user_id` bigint(10) NOT NULL COMMENT '用户id',
  `collect_user_id` bigint(10) NOT NULL COMMENT '收藏的用户id',
  PRIMARY KEY (`id`) USING BTREE
) ENGINE=InnoDB AUTO_INCREMENT=3 DEFAULT CHARSET=utf8 ROW_FORMAT=COMPACT;

-- Dumping data for table fengmao01.ums_follow_user: ~2 rows (approximately)
/*!40000 ALTER TABLE `ums_follow_user` DISABLE KEYS */;
REPLACE INTO `ums_follow_user` (`id`, `user_id`, `collect_user_id`) VALUES
	(1, 2, 2),
	(2, 2, 3);
/*!40000 ALTER TABLE `ums_follow_user` ENABLE KEYS */;

-- Dumping structure for table fengmao01.ums_user
DROP TABLE IF EXISTS `ums_user`;
CREATE TABLE IF NOT EXISTS `ums_user` (
  `id` bigint(10) NOT NULL AUTO_INCREMENT,
  `user_name` varchar(64) DEFAULT NULL COMMENT '用户名',
  `pass_word` varchar(255) DEFAULT NULL COMMENT '密码',
  `sex` int(1) DEFAULT NULL COMMENT '性别 0-女 1-男 2-保密',
  `tel` varchar(11) NOT NULL COMMENT '电话',
  `email` varchar(64) DEFAULT NULL COMMENT '邮箱',
  `type` int(2) DEFAULT 0 COMMENT '类型',
  `status` int(2) DEFAULT 0 COMMENT '用户状态',
  `head_pic` varchar(255) DEFAULT NULL COMMENT '头像',
  `intro` varchar(255) DEFAULT NULL COMMENT '个人介绍',
  `real_name` varchar(64) DEFAULT NULL COMMENT '真实姓名',
  `id_card` varchar(32) DEFAULT NULL COMMENT '身份证号',
  `sell_level` int(1) DEFAULT 1 COMMENT '等级',
  `device` varchar(255) DEFAULT NULL COMMENT '设备信息',
  `buy_count` int(5) DEFAULT 0 COMMENT '已购买数量',
  `sell_count` int(5) DEFAULT 0 COMMENT '在售数量',
  `deal_count` int(5) DEFAULT 0 COMMENT '交易数量',
  `last_login` datetime DEFAULT NULL COMMENT '最近登录时间',
  `im_token` varchar(128) DEFAULT NULL COMMENT '融云token',
  `create_time` datetime DEFAULT NULL COMMENT '创建时间',
  `update_time` datetime DEFAULT NULL COMMENT '修改时间',
  PRIMARY KEY (`id`) USING BTREE
) ENGINE=InnoDB AUTO_INCREMENT=38 DEFAULT CHARSET=utf8 ROW_FORMAT=COMPACT;

-- Dumping data for table fengmao01.ums_user: ~15 rows (approximately)
/*!40000 ALTER TABLE `ums_user` DISABLE KEYS */;
REPLACE INTO `ums_user` (`id`, `user_name`, `pass_word`, `sex`, `tel`, `email`, `type`, `status`, `head_pic`, `intro`, `real_name`, `id_card`, `sell_level`, `device`, `buy_count`, `sell_count`, `deal_count`, `last_login`, `im_token`, `create_time`, `update_time`) VALUES
	(1, '李小龙', 'null', 1, '456789', 'lixiaolong@gmail.com', 0, NULL, 'lixiaolong.jpg', NULL, NULL, NULL, 1, NULL, 0, 0, 0, NULL, NULL, NULL, NULL),
	(2, 'Beckham', 'null', 1, '13555555555', 'beckham@gmail.com', 0, NULL, 'beckham.jpg', NULL, NULL, NULL, 1, NULL, 1, 0, 0, NULL, NULL, NULL, NULL),
	(5, '成龙', 'null', 1, '15901533228', 'chenglong@gmail.com', 0, 0, 'jackiechan.jpg', '人在塔在', NULL, NULL, 1, NULL, 0, 0, 0, NULL, 'Ti7e39HxO8cQURuULAr+2VkISIyhhVg6TjCkuUzLARfVg1ItERzYQsI4pR3BfeGW/Vl/2DdTMO96bUKKzY6MrA==', NULL, '2020-04-08 12:50:42'),
	(6, '李连杰', 'null', 1, '13370145730', 'lilian@gmail.com', 0, 0, 'jetli.jpg', NULL, NULL, NULL, 1, NULL, 0, 0, 0, '2020-04-14 10:22:59', 'OCvPjLnPPBQzNVueyNOyDlkISIyhhVg6TjCkuUzLARfVg1ItERzYQj1DvN7xw8NEvRmp0xGTKER6bUKKzY6MrA==', '2020-04-08 19:17:21', '2020-04-08 19:20:09'),
	(7, 'ZidaneZidane', 'null', 2, '13888888888', 'zidane@gmail.com', 0, 0, 'zidane.jpg', NULL, NULL, NULL, 1, NULL, 0, 0, 0, NULL, NULL, NULL, NULL),
	(8, 'Dybala', 'null', 1, '18210693027', 'dybala@gmai..com', 0, 0, 'dybala.jpg', NULL, NULL, NULL, 1, NULL, 0, 0, 0, '2020-04-08 19:21:23', 'WrhFGuFmSIYhvGsiWnAk/8li1iXsh+J/1edH7kGW11XrdnJceH+xGSnvLoX6PO06Cbx1axDbyPgyerAsLHFd/g==', '2020-04-08 19:21:23', '2020-04-08 19:22:18'),
	(9, '范冰冰', 'null', 0, '13520820254', 'fanbingbing@gmail.com', 0, 0, 'fanbingbing.jpg', NULL, NULL, NULL, 1, NULL, 0, 0, 0, '2020-04-09 16:58:39', NULL, '2020-04-09 16:58:39', '2020-04-09 16:58:39'),
	(28, 'Beauty', 'beauty', 0, '12345', 'beauty@gmail.com', 0, 0, 'avatar-3.jpg', NULL, NULL, NULL, 1, NULL, 0, 0, 0, NULL, NULL, NULL, NULL),
	(30, 'Messi', 'messi', 1, '1234567', 'messi@gmail.com', 0, 0, 'messi.jpg', NULL, NULL, NULL, 1, NULL, 0, 0, 0, NULL, NULL, NULL, NULL),
	(31, 'Ronaldo', 'ronaldo', 1, '123', 'ronaldo@gmail.com', 0, 0, 'ronaldo.jpg', NULL, NULL, NULL, 1, NULL, 0, 0, 0, NULL, NULL, NULL, NULL),
	(32, 'Maradona', 'maradona', 1, '123123', '123123', 0, 0, 'maradona.jpg', NULL, NULL, NULL, 1, NULL, 0, 0, 0, NULL, NULL, NULL, NULL),
	(33, 'Ronaldo', 'ronaldo', 1, '1234', 'ronaldo@gmail.com', 0, 0, 'brazil-ronaldo.jpg', NULL, NULL, NULL, 1, NULL, 0, 0, 0, NULL, NULL, NULL, NULL),
	(35, '刘亦菲', 'null', 0, '1231', 'liuyifei@gmail.com', 0, 0, 'liuyifei.jpg', NULL, NULL, NULL, 1, NULL, 0, 0, 0, NULL, NULL, NULL, NULL),
	(36, '林黛玉', 'lindaiyu', 0, '2222222', 'lindaiyu@gmail.com', 0, 0, 'lindaiyu.jpg', NULL, NULL, NULL, 1, NULL, 0, 0, 0, NULL, NULL, NULL, NULL),
	(37, 'Sergio Aguero', 'aguero', 1, '2222233', 'aguero@gmail.com', 0, 0, 'aguero.jpg', NULL, NULL, NULL, 1, NULL, 0, 0, 0, NULL, NULL, NULL, NULL);
/*!40000 ALTER TABLE `ums_user` ENABLE KEYS */;

-- Dumping structure for table fengmao01.ums_user_address
DROP TABLE IF EXISTS `ums_user_address`;
CREATE TABLE IF NOT EXISTS `ums_user_address` (
  `id` bigint(10) NOT NULL AUTO_INCREMENT,
  `user_id` bigint(10) NOT NULL COMMENT '用户id',
  `province` int(16) NOT NULL COMMENT '省编码',
  `city` int(16) NOT NULL COMMENT '市编码',
  `country` int(16) DEFAULT NULL COMMENT '区县编码',
  `address` varchar(255) NOT NULL COMMENT '详细地址',
  `default_add` int(1) NOT NULL DEFAULT 0 COMMENT '是否默认 0-否 1-是',
  `create_time` datetime DEFAULT NULL COMMENT '创建时间',
  `update_time` datetime DEFAULT NULL COMMENT '修改时间',
  PRIMARY KEY (`id`) USING BTREE
) ENGINE=InnoDB DEFAULT CHARSET=utf8 ROW_FORMAT=COMPACT;

-- Dumping data for table fengmao01.ums_user_address: ~0 rows (approximately)
/*!40000 ALTER TABLE `ums_user_address` DISABLE KEYS */;
/*!40000 ALTER TABLE `ums_user_address` ENABLE KEYS */;

-- Dumping structure for table fengmao01.ums_user_token
DROP TABLE IF EXISTS `ums_user_token`;
CREATE TABLE IF NOT EXISTS `ums_user_token` (
  `id` bigint(10) NOT NULL AUTO_INCREMENT,
  `user_id` bigint(10) NOT NULL COMMENT '用户id',
  `user_token` varchar(64) NOT NULL COMMENT '用户token',
  `create_time` datetime DEFAULT NULL COMMENT '创建时间',
  `update_time` datetime DEFAULT NULL COMMENT '修改时间',
  PRIMARY KEY (`id`) USING BTREE
) ENGINE=InnoDB AUTO_INCREMENT=12 DEFAULT CHARSET=utf8 ROW_FORMAT=COMPACT;

-- Dumping data for table fengmao01.ums_user_token: ~0 rows (approximately)
/*!40000 ALTER TABLE `ums_user_token` DISABLE KEYS */;
REPLACE INTO `ums_user_token` (`id`, `user_id`, `user_token`, `create_time`, `update_time`) VALUES
	(3, 5, 'user_token:65ea70b8eff6accae7b0a58677ee4e60', NULL, NULL),
	(5, 8, 'user_token:b036faff9ce2d47929605a49e3245eed', '2020-04-08 19:21:23', '2020-04-08 19:21:23'),
	(6, 9, 'user_token:f054abbbc850538e41700e6b89a7a549', '2020-04-09 16:58:39', '2020-04-09 16:58:39'),
	(7, 10, 'user_token:4dac9f429aaeaf5b20242a22cccf25bc', '2020-04-13 18:21:09', '2020-04-13 18:21:09'),
	(11, 6, 'user_token:3de7bf7dad6d7a8af42bc34802e7f4cb', '2020-04-14 10:22:59', '2020-04-14 10:22:59');
/*!40000 ALTER TABLE `ums_user_token` ENABLE KEYS */;

/*!40101 SET SQL_MODE=IFNULL(@OLD_SQL_MODE, '') */;
/*!40014 SET FOREIGN_KEY_CHECKS=IF(@OLD_FOREIGN_KEY_CHECKS IS NULL, 1, @OLD_FOREIGN_KEY_CHECKS) */;
/*!40101 SET CHARACTER_SET_CLIENT=@OLD_CHARACTER_SET_CLIENT */;
